GuideName,GuideSeq,MatchPos,GuideScores,Rank,standardizedGuideScores,quartiles
crRNA433:433-459,CATGATATAGACGTTGTGGCTGTTGTA,459,1.20135616616078,0.9985,0.826052370681931,4
crRNA434:434-460,CCATGATATAGACGTTGTGGCTGTTGT,460,1.09595058247377,0.9971,0.767515016075205,4
crRNA432:432-458,ATGATATAGACGTTGTGGCTGTTGTAG,458,1.09228284124622,0.9956,0.765478123328799,4
crRNA405:405-431,TTGTACTCCAGCTTGTGCCCCAGGATG,431,1.01578426214121,0.9942,0.72299437346145,4
crRNA406:406-432,GTTGTACTCCAGCTTGTGCCCCAGGAT,432,0.972281407616861,0.9927,0.698834913093031,4
crRNA115:115-141,GATGAACTTCAGGGTCAGCTTGCCGTA,141,0.954283390858497,0.9913,0.688839652383403,4
crRNA278:278-304,CCTTGAAGAAGATGGTGCGCTCCTGGA,304,0.936371017584106,0.9898,0.678891954078117,4
crRNA634:634-660,CAGGACCATGTGATCGCGCTTCTCGTT,660,0.929008548514374,0.9884,0.674803181475749,4
crRNA404:404-430,TGTACTCCAGCTTGTGCCCCAGGATGT,430,0.926439715765444,0.9869,0.673376571344772,4
crRNA277:277-303,CTTGAAGAAGATGGTGCGCTCCTGGAC,303,0.926005182328914,0.9855,0.67313525170142,4
crRNA280:280-306,GTCCTTGAAGAAGATGGTGCGCTCCTG,306,0.9181971762866,0.984,0.668799048603987,4
crRNA407:407-433,AGTTGTACTCCAGCTTGTGCCCCAGGA,433,0.895727698753167,0.9826,0.656320546723972,4
crRNA403:403-429,GTACTCCAGCTTGTGCCCCAGGATGTT,429,0.895305937725961,0.9811,0.65608632028221,4
crRNA274:274-300,GAAGAAGATGGTGCGCTCCTGGACGTA,300,0.894201438885885,0.9797,0.655472933040256,4
crRNA279:279-305,TCCTTGAAGAAGATGGTGCGCTCCTGG,305,0.892173401436338,0.9782,0.654346655444826,4
crRNA116:116-142,AGATGAACTTCAGGGTCAGCTTGCCGT,142,0.891853853161046,0.9767,0.654169193207529,4
crRNA282:282-308,TCGTCCTTGAAGAAGATGGTGCGCTCC,308,0.886430851086387,0.9753,0.651157510293084,4
crRNA357:357-383,ATGCCCTTCAGCTCGATGCGGTTCACC,383,0.877391611311686,0.9738,0.646137537293949,4
crRNA117:117-143,CAGATGAACTTCAGGGTCAGCTTGCCG,143,0.876695676981058,0.9724,0.645751047762085,4
crRNA078:78-104,CCCTCGCCCTCGCCGGACACGCTGAAC,104,0.861530030499471,0.9709,0.637328753658871,4
crRNA638:638-664,CCAGCAGGACCATGTGATCGCGCTTCT,664,0.854531960034144,0.9695,0.633442351078833,4
crRNA451:451-477,GTTCTTCTGCTTGTCGGCCATGATATA,477,0.853591840803368,0.968,0.632920252620102,4
crRNA633:633-659,AGGACCATGTGATCGCGCTTCTCGTTG,659,0.852614338307273,0.9666,0.632377393235985,4
crRNA639:639-665,TCCAGCAGGACCATGTGATCGCGCTTC,665,0.852211245547567,0.9651,0.632153534280995,4
crRNA452:452-478,CGTTCTTCTGCTTGTCGGCCATGATAT,478,0.849493451669487,0.9637,0.630644198072947,4
crRNA399:399-425,TCCAGCTTGTGCCCCAGGATGTTGCCG,425,0.843552506774391,0.9622,0.62734487382599,4
crRNA119:119-145,TGCAGATGAACTTCAGGGTCAGCTTGC,145,0.837362838142929,0.9608,0.62390741999381,4
crRNA276:276-302,TTGAAGAAGATGGTGCGCTCCTGGACG,302,0.832025510421251,0.9593,0.620943316626915,4
crRNA492:492-518,TCCTCGATGTTGTGGCGGATCTTGAAG,518,0.831549179867233,0.9578,0.620678784810144,4
crRNA076:76-102,CTCGCCCTCGCCGGACACGCTGAACTT,102,0.8307972077312,0.9564,0.620261174489689,4
crRNA506:506-532,GCTGCACGCTGCCGTCCTCGATGTTGT,532,0.82928995703769,0.9549,0.61942411761622,4
crRNA400:400-426,CTCCAGCTTGTGCCCCAGGATGTTGCC,426,0.825149597355026,0.9535,0.617124754579977,4
crRNA275:275-301,TGAAGAAGATGGTGCGCTCCTGGACGT,301,0.819133882065919,0.952,0.613783906336707,4
crRNA230:230-256,ACTTGAAGAAGTCGTGCTGCTTCATGT,256,0.818718940314853,0.9506,0.61355346700348,4
crRNA413:413-439,TGTTGTAGTTGTACTCCAGCTTGTGCC,439,0.818463273445649,0.9491,0.613411481525479,4
crRNA080:80-106,CGCCCTCGCCCTCGCCGGACACGCTGA,106,0.815467148599686,0.9477,0.611747573254025,4
crRNA118:118-144,GCAGATGAACTTCAGGGTCAGCTTGCC,144,0.813612485749786,0.9462,0.610717579840746,4
crRNA478:478-504,GCGGATCTTGAAGTTCACCTTGATGCC,504,0.811708013592214,0.9448,0.609659924656582,4
crRNA453:453-479,CCGTTCTTCTGCTTGTCGGCCATGATA,479,0.810456198083692,0.9433,0.608964724594485,4
crRNA471:471-497,TTGAAGTTCACCTTGATGCCGTTCTTC,497,0.807484319767851,0.9419,0.607314281717198,4
crRNA430:430-456,GATATAGACGTTGTGGCTGTTGTAGTT,456,0.807275125563857,0.9404,0.607198104994178,4
crRNA372:372-398,TCCTCCTTGAAGTCGATGCCCTTCAGC,398,0.805020234134947,0.939,0.60594584325854,4
crRNA358:358-384,GATGCCCTTCAGCTCGATGCGGTTCAC,384,0.801386882227885,0.9375,0.603928048739929,4
crRNA075:75-101,TCGCCCTCGCCGGACACGCTGAACTTG,101,0.793425250228643,0.936,0.599506528937223,4
crRNA373:373-399,GTCCTCCTTGAAGTCGATGCCCTTCAG,399,0.791134388229634,0.9346,0.598234290821363,4
crRNA472:472-498,CTTGAAGTTCACCTTGATGCCGTTCTT,498,0.786843766738071,0.9331,0.595851479371064,4
crRNA640:640-666,CTCCAGCAGGACCATGTGATCGCGCTT,666,0.783280817373354,0.9317,0.59387278314727,4
crRNA113:113-139,TGAACTTCAGGGTCAGCTTGCCGTAGG,139,0.782219374885456,0.9302,0.593283307399066,4
crRNA120:120-146,GTGCAGATGAACTTCAGGGTCAGCTTG,146,0.777555651153046,0.9288,0.590693292331909,4
crRNA371:371-397,CCTCCTTGAAGTCGATGCCCTTCAGCT,397,0.77138060180909,0.9273,0.587263957371491,4
crRNA637:637-663,CAGCAGGACCATGTGATCGCGCTTCTC,663,0.771025653194519,0.9259,0.587066835433624,4
crRNA079:79-105,GCCCTCGCCCTCGCCGGACACGCTGAA,105,0.770809291603815,0.9244,0.586946678277662,4
crRNA093:93-119,CCGTAGGTGGCATCGCCCTCGCCCTCG,119,0.770232671821505,0.923,0.586626450491907,4
crRNA094:94-120,GCCGTAGGTGGCATCGCCCTCGCCCTC,120,0.770117869989378,0.9215,0.586562694898307,4
crRNA229:229-255,CTTGAAGAAGTCGTGCTGCTTCATGTG,255,0.762528765556717,0.9201,0.582348059565123,3
crRNA374:374-400,CGTCCTCCTTGAAGTCGATGCCCTTCA,400,0.761919667653044,0.9186,0.582009794942602,3
crRNA398:398-424,CCAGCTTGTGCCCCAGGATGTTGCCGT,424,0.760492569046239,0.9172,0.581217250807052,3
crRNA077:77-103,CCTCGCCCTCGCCGGACACGCTGAACT,103,0.758790178182097,0.9157,0.580271822166484,3
crRNA414:414-440,CTGTTGTAGTTGTACTCCAGCTTGTGC,440,0.756180617281278,0.9142,0.578822593515821,3
crRNA062:62-88,ACACGCTGAACTTGTGGCCGTTTACGT,88,0.753415770816707,0.9128,0.577287126491509,3
crRNA043:43-69,GTTTACGTCGCCGTCCAGCTCGACCAG,69,0.751484864641309,0.9113,0.576214791084333,3
crRNA386:386-412,CCAGGATGTTGCCGTCCTCCTTGAAGT,412,0.746008518397763,0.9099,0.573173483301631,3
crRNA112:112-138,GAACTTCAGGGTCAGCTTGCCGTAGGT,138,0.741709465203116,0.9084,0.57078598927593,3
crRNA081:81-107,TCGCCCTCGCCCTCGCCGGACACGCTG,107,0.739496068276385,0.907,0.569556771655256,3
crRNA073:73-99,GCCCTCGCCGGACACGCTGAACTTGTG,99,0.72450666657601,0.9055,0.561232355699428,3
crRNA132:132-158,AGCTTGCCGGTGGTGCAGATGAACTTC,158,0.7231591151793,0.9041,0.560483988381485,3
crRNA352:352-378,CTTCAGCTCGATGCGGTTCACCAGGGT,378,0.71993047753287,0.9026,0.558690953323998,3
crRNA074:74-100,CGCCCTCGCCGGACACGCTGAACTTGT,100,0.719813080893424,0.9012,0.5586257566952,3
crRNA387:387-413,CCCAGGATGTTGCCGTCCTCCTTGAAG,413,0.716519413112116,0.8997,0.55679660692792,3
crRNA412:412-438,GTTGTAGTTGTACTCCAGCTTGTGCCC,438,0.715656973363565,0.8983,0.556317648037679,3
crRNA463:463-489,CACCTTGATGCCGTTCTTCTGCTTGTC,489,0.714941353651806,0.8968,0.55592022616148,3
crRNA298:298-324,GGTCTTGTAGTTGCCGTCGTCCTTGAA,324,0.714158708593802,0.8953,0.555485581527969,3
crRNA468:468-494,AAGTTCACCTTGATGCCGTTCTTCTGC,494,0.698571374134982,0.8939,0.546829101551548,3
crRNA621:621-647,TCGCGCTTCTCGTTGGGGTCTTTGCTC,647,0.69831823181981,0.8924,0.54668851809334,3
crRNA044:44-70,CGTTTACGTCGCCGTCCAGCTCGACCA,70,0.698258964214729,0.891,0.546655603624353,3
crRNA464:464-490,TCACCTTGATGCCGTTCTTCTGCTTGT,490,0.698222547287042,0.8895,0.546635379357904,3
crRNA227:227-253,TGAAGAAGTCGTGCTGCTTCATGTGGT,253,0.69341443876401,0.8881,0.543965179699069,3
crRNA408:408-434,TAGTTGTACTCCAGCTTGTGCCCCAGG,434,0.692785966563659,0.8866,0.543616155494036,3
crRNA354:354-380,CCCTTCAGCTCGATGCGGTTCACCAGG,380,0.690060170974098,0.8852,0.542102375507907,3
crRNA388:388-414,CCCCAGGATGTTGCCGTCCTCCTTGAA,414,0.689490612233161,0.8837,0.541786069095843,3
crRNA390:390-416,TGCCCCAGGATGTTGCCGTCCTCCTTG,416,0.688081061250178,0.8823,0.541003270093732,3
crRNA636:636-662,AGCAGGACCATGTGATCGCGCTTCTCG,662,0.685482962030719,0.8808,0.539560406727361,3
crRNA046:46-72,GCCGTTTACGTCGCCGTCCAGCTCGAC,72,0.685453550382556,0.8794,0.539544072867068,3
crRNA063:63-89,GACACGCTGAACTTGTGGCCGTTTACG,89,0.685232738547898,0.8779,0.53942144425277,3
crRNA660:660-686,ATCCCGGCGGCGGTCACGAACTCCAGC,686,0.684680992185951,0.8765,0.53911503000684,3
crRNA041:41-67,TTACGTCGCCGTCCAGCTCGACCAGGA,67,0.683628823586632,0.875,0.538530704544659,3
crRNA111:111-137,AACTTCAGGGTCAGCTTGCCGTAGGTG,137,0.683383524578605,0.8735,0.538394476894137,3
crRNA450:450-476,TTCTTCTGCTTGTCGGCCATGATATAG,476,0.68272202005111,0.8721,0.538027108072245,3
crRNA429:429-455,ATATAGACGTTGTGGCTGTTGTAGTTG,455,0.675116913843605,0.8706,0.533803586098187,3
crRNA369:369-395,TCCTTGAAGTCGATGCCCTTCAGCTCG,395,0.674858898047563,0.8692,0.533660296135561,3
crRNA401:401-427,ACTCCAGCTTGTGCCCCAGGATGTTGC,427,0.674659513299582,0.8677,0.533549567127785,3
crRNA385:385-411,CAGGATGTTGCCGTCCTCCTTGAAGTC,411,0.671360507052216,0.8663,0.531717452624959,3
crRNA370:370-396,CTCCTTGAAGTCGATGCCCTTCAGCTC,396,0.67058829185727,0.8648,0.531288600251886,3
crRNA296:296-322,TCTTGTAGTTGCCGTCGTCCTTGAAGA,322,0.669339255949095,0.8634,0.530594943850433,3
crRNA232:232-258,GGACTTGAAGAAGTCGTGCTGCTTCAT,258,0.66490500729665,0.8619,0.528132368560747,3
crRNA473:473-499,TCTTGAAGTTCACCTTGATGCCGTTCT,499,0.663999652650263,0.8605,0.527629576733914,3
crRNA622:622-648,ATCGCGCTTCTCGTTGGGGTCTTTGCT,648,0.663711131607918,0.859,0.527469345577494,3
crRNA040:40-66,TACGTCGCCGTCCAGCTCGACCAGGAT,66,0.658033323834807,0.8576,0.524316155439196,3
crRNA507:507-533,AGCTGCACGCTGCCGTCCTCGATGTTG,533,0.656325268377096,0.8561,0.523367580947044,3
crRNA431:431-457,TGATATAGACGTTGTGGCTGTTGTAGT,457,0.65518578843477,0.8547,0.522734766829252,3
crRNA402:402-428,TACTCCAGCTTGTGCCCCAGGATGTTG,428,0.654934609423881,0.8532,0.522595273698852,3
crRNA359:359-385,CGATGCCCTTCAGCTCGATGCGGTTCA,385,0.653614465280711,0.8517,0.521862127093732,3
crRNA620:620-646,CGCGCTTCTCGTTGGGGTCTTTGCTCA,646,0.649963207326831,0.8503,0.519834388390235,3
crRNA470:470-496,TGAAGTTCACCTTGATGCCGTTCTTCT,496,0.648502939228247,0.8488,0.519023423462973,3
crRNA509:509-535,CGAGCTGCACGCTGCCGTCCTCGATGT,535,0.64826247994907,0.8474,0.518889883572568,3
crRNA054:54-80,AACTTGTGGCCGTTTACGTCGCCGTCC,80,0.647080061596989,0.8459,0.518233223460758,3
crRNA186:186-212,AAGCACTGCACGCCGTAGGTCAGGGTG,212,0.646619854912504,0.8445,0.517977646090568,3
crRNA379:379-405,GTTGCCGTCCTCCTTGAAGTCGATGCC,405,0.641440563637177,0.843,0.515101308809466,3
crRNA053:53-79,ACTTGTGGCCGTTTACGTCGCCGTCCA,79,0.640893784957249,0.8416,0.514797653382886,3
crRNA393:393-419,TTGTGCCCCAGGATGTTGCCGTCCTCC,419,0.639919642503067,0.8401,0.514256660009639,3
crRNA042:42-68,TTTACGTCGCCGTCCAGCTCGACCAGG,68,0.637838135726468,0.8387,0.513100688038933,3
crRNA491:491-517,CCTCGATGTTGTGGCGGATCTTGAAGT,517,0.634655303799161,0.8372,0.511333091345616,3
crRNA045:45-71,CCGTTTACGTCGCCGTCCAGCTCGACC,71,0.632153370913844,0.8358,0.509943634284736,3
crRNA295:295-321,CTTGTAGTTGCCGTCGTCCTTGAAGAA,321,0.629419450131102,0.8343,0.508425341944538,3
crRNA350:350-376,TCAGCTCGATGCGGTTCACCAGGGTGT,376,0.626362507238193,0.8328,0.506727658160859,3
crRNA283:283-309,GTCGTCCTTGAAGAAGATGGTGCGCTC,309,0.622719087512788,0.8314,0.504704272444591,3
crRNA114:114-140,ATGAACTTCAGGGTCAGCTTGCCGTAG,140,0.622101358224844,0.8299,0.504361214353032,3
crRNA619:619-645,GCGCTTCTCGTTGGGGTCTTTGCTCAG,645,0.6206944681497,0.8285,0.50357989309527,3
crRNA397:397-423,CAGCTTGTGCCCCAGGATGTTGCCGTC,423,0.61915034630574,0.827,0.502722359701174,3
crRNA641:641-667,ACTCCAGCAGGACCATGTGATCGCGCT,667,0.617745933354336,0.8256,0.501942414122629,3
crRNA226:226-252,GAAGAAGTCGTGCTGCTTCATGTGGTC,252,0.617163429662434,0.8241,0.501618918687379,3
crRNA688:688-714,CTTGTACAGCTCGTCCATGCCGAGAGT,714,0.616197629016833,0.8227,0.501082557966311,3
crRNA396:396-422,AGCTTGTGCCCCAGGATGTTGCCGTCC,422,0.612697452751508,0.8212,0.499138722999866,3
crRNA378:378-404,TTGCCGTCCTCCTTGAAGTCGATGCCC,404,0.612149549561704,0.8198,0.498834443072846,3
crRNA297:297-323,GTCTTGTAGTTGCCGTCGTCCTTGAAG,323,0.611656038260323,0.8183,0.498560369868744,3
crRNA409:409-435,GTAGTTGTACTCCAGCTTGTGCCCCAG,435,0.611084750403432,0.8169,0.498243103186168,3
crRNA273:273-299,AAGAAGATGGTGCGCTCCTGGACGTAG,299,0.610386482977189,0.8154,0.497855317961605,3
crRNA632:632-658,GGACCATGTGATCGCGCTTCTCGTTGG,658,0.60932244908519,0.814,0.497264403068192,3
crRNA659:659-685,TCCCGGCGGCGGTCACGAACTCCAGCA,685,0.607667909079817,0.8125,0.496345548567153,3
crRNA084:84-110,GCATCGCCCTCGCCCTCGCCGGACACG,110,0.607600951457785,0.811,0.496308363420717,3
crRNA368:368-394,CCTTGAAGTCGATGCCCTTCAGCTCGA,394,0.60713528498168,0.8096,0.496049753936411,3
crRNA281:281-307,CGTCCTTGAAGAAGATGGTGCGCTCCT,307,0.60568595237567,0.8081,0.495244862072684,3
crRNA389:389-415,GCCCCAGGATGTTGCCGTCCTCCTTGA,415,0.604914030042758,0.8067,0.494816172341553,3
crRNA052:52-78,CTTGTGGCCGTTTACGTCGCCGTCCAG,78,0.604409052193257,0.8052,0.494535731150386,3
crRNA083:83-109,CATCGCCCTCGCCCTCGCCGGACACGC,109,0.598330622981093,0.8038,0.49116005451355,3
crRNA631:631-657,GACCATGTGATCGCGCTTCTCGTTGGG,657,0.592504493663677,0.8023,0.487924493493833,3
crRNA320:320-346,CCTCGAACTTCACCTCGGCGCGGGTCT,346,0.589849568425426,0.8009,0.486450071601845,3
crRNA327:327-353,GTGTCGCCCTCGAACTTCACCTCGGCG,353,0.578418629264502,0.7994,0.480101860095917,3
crRNA355:355-381,GCCCTTCAGCTCGATGCGGTTCACCAG,381,0.577387032118427,0.798,0.479528959061278,3
crRNA313:313-339,CTTCACCTCGGCGCGGGTCTTGTAGTT,339,0.575602679464712,0.7965,0.478538012658058,3
crRNA687:687-713,TTGTACAGCTCGTCCATGCCGAGAGTG,713,0.574120601106908,0.7951,0.477714935328081,3
crRNA391:391-417,GTGCCCCAGGATGTTGCCGTCCTCCTT,417,0.573709051017395,0.7936,0.4774863795658,3
crRNA505:505-531,CTGCACGCTGCCGTCCTCGATGTTGTG,531,0.573370869986572,0.7922,0.477298569563425,3
crRNA055:55-81,GAACTTGTGGCCGTTTACGTCGCCGTC,81,0.572390611927612,0.7907,0.476754179867963,3
crRNA315:315-341,AACTTCACCTCGGCGCGGGTCTTGTAG,341,0.571663998029179,0.7892,0.476350652332258,3
crRNA049:49-75,GTGGCCGTTTACGTCGCCGTCCAGCTC,75,0.570134365217946,0.7878,0.475501165472481,3
crRNA336:336-362,TTCACCAGGGTGTCGCCCTCGAACTTC,362,0.569670636939726,0.7863,0.475243632373059,3
crRNA508:508-534,GAGCTGCACGCTGCCGTCCTCGATGTT,534,0.568225366987069,0.7849,0.47444099671789,3
crRNA092:92-118,CGTAGGTGGCATCGCCCTCGCCCTCGC,118,0.567950950251382,0.7834,0.47428859843684,3
crRNA249:249-275,TAGCCTTCGGGCATGGCGGACTTGAAG,275,0.565687531739347,0.782,0.473031601156166,3
crRNA460:460-486,CTTGATGCCGTTCTTCTGCTTGTCGGC,486,0.565418804878894,0.7805,0.472882362766961,3
crRNA228:228-254,TTGAAGAAGTCGTGCTGCTTCATGTGG,254,0.565327499377075,0.7791,0.472831655941472,3
crRNA376:376-402,GCCGTCCTCCTTGAAGTCGATGCCCTT,402,0.56511128197128,0.7776,0.472711578859097,3
crRNA394:394-420,CTTGTGCCCCAGGATGTTGCCGTCCTC,420,0.565058547329799,0.7762,0.472682292493988,3
crRNA353:353-379,CCTTCAGCTCGATGCGGTTCACCAGGG,379,0.564810884081475,0.7747,0.472544751854459,3
crRNA050:50-76,TGTGGCCGTTTACGTCGCCGTCCAGCT,76,0.564241860376585,0.7733,0.47222874257651,3
crRNA351:351-377,TTCAGCTCGATGCGGTTCACCAGGGTG,377,0.56356134835253,0.7718,0.471850817875817,3
crRNA488:488-514,CGATGTTGTGGCGGATCTTGAAGTTCA,514,0.561338514161126,0.7703,0.470616359237644,3
crRNA457:457-483,GATGCCGTTCTTCTGCTTGTCGGCCAT,483,0.560861542129853,0.7689,0.470351471174265,3
crRNA011:11-37,GCACCACCCCGGTGAACAGCTCCTCGC,37,0.560274162652428,0.7674,0.470025267954701,3
crRNA188:188-214,TGAAGCACTGCACGCCGTAGGTCAGGG,214,0.558559622381071,0.766,0.469073092098914,3
crRNA415:415-441,GCTGTTGTAGTTGTACTCCAGCTTGTG,441,0.558342331413381,0.7645,0.468952418810236,3
crRNA349:349-375,CAGCTCGATGCGGTTCACCAGGGTGTC,375,0.557947110546267,0.7631,0.468732931537959,3
crRNA300:300-326,CGGGTCTTGTAGTTGCCGTCGTCCTTG,326,0.55708961110885,0.7616,0.468256716266553,3
crRNA490:490-516,CTCGATGTTGTGGCGGATCTTGAAGTT,516,0.556684903456637,0.7602,0.468031960475437,3
crRNA375:375-401,CCGTCCTCCTTGAAGTCGATGCCCTTC,401,0.556629577652276,0.7587,0.468001235099082,3
crRNA061:61-87,CACGCTGAACTTGTGGCCGTTTACGTC,87,0.554846187249292,0.7573,0.467010823085125,3
crRNA392:392-418,TGTGCCCCAGGATGTTGCCGTCCTCCT,418,0.554129796903563,0.7558,0.466612973234691,3
crRNA051:51-77,TTGTGGCCGTTTACGTCGCCGTCCAGC,77,0.552404419166521,0.7544,0.465654778754941,3
crRNA314:314-340,ACTTCACCTCGGCGCGGGTCTTGTAGT,340,0.552146463785355,0.7529,0.465511522343925,3
crRNA072:72-98,CCCTCGCCGGACACGCTGAACTTGTGG,98,0.551703995482287,0.7515,0.465265796045062,3
crRNA048:48-74,TGGCCGTTTACGTCGCCGTCCAGCTCG,74,0.547691275688026,0.75,0.46303731826127,3
crRNA233:233-259,CGGACTTGAAGAAGTCGTGCTGCTTCA,259,0.547192130285705,0.7485,0.46276011613977,3
crRNA380:380-406,TGTTGCCGTCCTCCTTGAAGTCGATGC,406,0.547037192830023,0.7471,0.462674071089139,3
crRNA493:493-519,GTCCTCGATGTTGTGGCGGATCTTGAA,519,0.54424935924763,0.7456,0.461125838089627,3
crRNA010:10-36,CACCACCCCGGTGAACAGCTCCTCGCC,36,0.54348683327232,0.7442,0.460702366658112,3
crRNA628:628-654,CATGTGATCGCGCTTCTCGTTGGGGTC,654,0.541496468354694,0.7427,0.459597010633276,3
crRNA360:360-386,TCGATGCCCTTCAGCTCGATGCGGTTC,386,0.541195659793719,0.7413,0.459429955560986,3
crRNA579:579-605,CTCAGGTAGTGGTTGTCGGGCAGCAGC,605,0.537589812236467,0.7398,0.457427435677946,3
crRNA483:483-509,TTGTGGCGGATCTTGAAGTTCACCTTG,509,0.534584730259731,0.7384,0.455758553033012,3
crRNA030:30-56,TCCAGCTCGACCAGGATGGGCACCACC,56,0.532351160009814,0.7369,0.454518132087698,3
crRNA060:60-86,ACGCTGAACTTGTGGCCGTTTACGTCG,86,0.532009558709404,0.7355,0.454328422626806,3
crRNA469:469-495,GAAGTTCACCTTGATGCCGTTCTTCTG,495,0.526130621578339,0.734,0.451063534605563,3
crRNA090:90-116,TAGGTGGCATCGCCCTCGCCCTCGCCG,116,0.524561713497184,0.7326,0.450192236089115,3
crRNA326:326-352,TGTCGCCCTCGAACTTCACCTCGGCGC,352,0.523254503008332,0.7311,0.449466272233549,3
crRNA456:456-482,ATGCCGTTCTTCTGCTTGTCGGCCATG,482,0.522505454421211,0.7297,0.44905028551607,3
crRNA342:342-368,ATGCGGTTCACCAGGGTGTCGCCCTCG,368,0.52163205205374,0.7282,0.448565238497585,3
crRNA012:12-38,GGCACCACCCCGGTGAACAGCTCCTCG,38,0.519904229844118,0.7267,0.447605686471552,3
crRNA635:635-661,GCAGGACCATGTGATCGCGCTTCTCGT,661,0.518063266396589,0.7253,0.44658330106865,3
crRNA312:312-338,TTCACCTCGGCGCGGGTCTTGTAGTTG,338,0.515446297327962,0.7238,0.445129958266432,3
crRNA662:662-688,TGATCCCGGCGGCGGTCACGAACTCCA,688,0.514781672958126,0.7224,0.444760856829331,3
crRNA442:442-468,CTTGTCGGCCATGATATAGACGTTGTG,468,0.51407597792155,0.7209,0.44436894665574,3
crRNA095:95-121,TGCCGTAGGTGGCATCGCCCTCGCCCT,121,0.509726850317002,0.7195,0.441953643633717,3
crRNA185:185-211,AGCACTGCACGCCGTAGGTCAGGGTGG,211,0.508682443482716,0.718,0.441373628694529,3
crRNA623:623-649,GATCGCGCTTCTCGTTGGGGTCTTTGC,649,0.507610985182018,0.7166,0.440778590630127,3
crRNA410:410-436,TGTAGTTGTACTCCAGCTTGTGCCCCA,436,0.506301052689035,0.7151,0.440051115100175,3
crRNA339:339-365,CGGTTCACCAGGGTGTCGCCCTCGAAC,365,0.505868928034434,0.7137,0.439811133182179,3
crRNA441:441-467,TTGTCGGCCATGATATAGACGTTGTGG,467,0.505643925254695,0.7122,0.43968617711207,3
crRNA624:624-650,TGATCGCGCTTCTCGTTGGGGTCTTTG,650,0.503526277975687,0.7108,0.438510134388647,3
crRNA449:449-475,TCTTCTGCTTGTCGGCCATGATATAGA,475,0.503323663465261,0.7093,0.438397611721152,3
crRNA301:301-327,GCGGGTCTTGTAGTTGCCGTCGTCCTT,327,0.501754014638445,0.7078,0.437525901829045,3
crRNA377:377-403,TGCCGTCCTCCTTGAAGTCGATGCCCT,403,0.501559463913075,0.7064,0.437417857412406,3
crRNA085:85-111,GGCATCGCCCTCGCCCTCGCCGGACAC,111,0.501239884433005,0.7049,0.437240377845427,3
crRNA462:462-488,ACCTTGATGCCGTTCTTCTGCTTGTCG,488,0.500757251433667,0.7035,0.4369723459439,3
crRNA133:133-159,CAGCTTGCCGGTGGTGCAGATGAACTT,159,0.499942901036978,0.702,0.436520093641151,3
crRNA454:454-480,GCCGTTCTTCTGCTTGTCGGCCATGAT,480,0.497668788908959,0.7006,0.435257157623942,3
crRNA190:190-216,GCTGAAGCACTGCACGCCGTAGGTCAG,216,0.497372500270691,0.6991,0.435092612706323,3
crRNA356:356-382,TGCCCTTCAGCTCGATGCGGTTCACCA,382,0.49334712870648,0.6977,0.432857108718435,3
crRNA686:686-712,TGTACAGCTCGTCCATGCCGAGAGTGA,712,0.49319412342364,0.6962,0.432772136706659,3
crRNA027:27-53,AGCTCGACCAGGATGGGCACCACCCCG,53,0.492819042276494,0.6948,0.432563834097359,3
crRNA504:504-530,TGCACGCTGCCGTCCTCGATGTTGTGG,530,0.4921050725029,0.6933,0.432167328520013,3
crRNA366:366-392,TTGAAGTCGATGCCCTTCAGCTCGATG,392,0.491235256792942,0.6919,0.431684273364154,3
crRNA299:299-325,GGGTCTTGTAGTTGCCGTCGTCCTTGA,325,0.486973390661953,0.6904,0.429317431302571,3
crRNA082:82-108,ATCGCCCTCGCCCTCGCCGGACACGCT,108,0.48694738957729,0.689,0.429302991510486,3
crRNA477:477-503,CGGATCTTGAAGTTCACCTTGATGCCG,503,0.486003656067967,0.6875,0.428778885849693,3
crRNA064:64-90,GGACACGCTGAACTTGTGGCCGTTTAC,90,0.485849495626937,0.686,0.42869327231683,3
crRNA341:341-367,TGCGGTTCACCAGGGTGTCGCCCTCGA,367,0.484309014711679,0.6846,0.427837760925051,3
crRNA213:213-239,TGCTTCATGTGGTCGGGGTAGCGGCTG,239,0.482524250157428,0.6831,0.426846585771447,3
crRNA458:458-484,TGATGCCGTTCTTCTGCTTGTCGGCCA,484,0.479710487289606,0.6817,0.425283952853802,3
crRNA125:125-151,CGGTGGTGCAGATGAACTTCAGGGTCA,151,0.474408354102512,0.6802,0.422339394893129,3
crRNA317:317-343,CGAACTTCACCTCGGCGCGGGTCTTGT,343,0.473084669987059,0.6788,0.421604282352187,3
crRNA087:87-113,GTGGCATCGCCCTCGCCCTCGCCGGAC,113,0.472999460969166,0.6773,0.421556961230084,3
crRNA461:461-487,CCTTGATGCCGTTCTTCTGCTTGTCGG,487,0.472728706894729,0.6759,0.421406597020597,3
crRNA466:466-492,GTTCACCTTGATGCCGTTCTTCTGCTT,492,0.471721764583967,0.6744,0.420847388133821,3
crRNA325:325-351,GTCGCCCTCGAACTTCACCTCGGCGCG,351,0.465944422772118,0.673,0.417638921423664,3
crRNA271:271-297,GAAGATGGTGCGCTCCTGGACGTAGCC,297,0.465475656914585,0.6715,0.417378590687188,3
crRNA065:65-91,CGGACACGCTGAACTTGTGGCCGTTTA,91,0.464559678951591,0.6701,0.416869899164821,3
crRNA097:97-123,CTTGCCGTAGGTGGCATCGCCCTCGCC,123,0.464247835568807,0.6686,0.416696715866163,3
crRNA302:302-328,CGCGGGTCTTGTAGTTGCCGTCGTCCT,328,0.463824436092977,0.6672,0.416461579506304,3
crRNA480:480-506,TGGCGGATCTTGAAGTTCACCTTGATG,506,0.461635604159721,0.6657,0.41524600413952,3
crRNA261:261-287,CGCTCCTGGACGTAGCCTTCGGGCATG,287,0.459834301668564,0.6642,0.41424564458559,3
crRNA059:59-85,CGCTGAACTTGTGGCCGTTTACGTCGC,85,0.459020743896343,0.6628,0.413793832469574,3
crRNA465:465-491,TTCACCTTGATGCCGTTCTTCTGCTTG,491,0.458034851580074,0.6613,0.413246313769873,3
crRNA070:70-96,CTCGCCGGACACGCTGAACTTGTGGCC,96,0.457533164850935,0.6599,0.412967700313756,3
crRNA411:411-437,TTGTAGTTGTACTCCAGCTTGTGCCCC,437,0.457498815062502,0.6584,0.412948624040224,3
crRNA047:47-73,GGCCGTTTACGTCGCCGTCCAGCTCGA,73,0.455504897571665,0.657,0.411841295081597,3
crRNA340:340-366,GCGGTTCACCAGGGTGTCGCCCTCGAA,366,0.454368749769421,0.6555,0.411210331479297,3
crRNA455:455-481,TGCCGTTCTTCTGCTTGTCGGCCATGA,481,0.45367994017321,0.6541,0.410827798693277,3
crRNA417:417-443,TGGCTGTTGTAGTTGTACTCCAGCTTG,443,0.45288771643561,0.6526,0.410387834507001,3
crRNA089:89-115,AGGTGGCATCGCCCTCGCCCTCGCCGG,115,0.45197747626677,0.6512,0.409882329488416,3
crRNA646:646-672,CACGAACTCCAGCAGGACCATGTGATC,672,0.451861668009009,0.6497,0.409818014972867,3
crRNA649:649-675,GGTCACGAACTCCAGCAGGACCATGTG,675,0.450012455056302,0.6483,0.408791048178799,3
crRNA009:9-35,ACCACCCCGGTGAACAGCTCCTCGCCC,35,0.448983863602835,0.6468,0.40821981636592,3
crRNA091:91-117,GTAGGTGGCATCGCCCTCGCCCTCGCC,117,0.447673570888809,0.6453,0.407492140785969,3
crRNA263:263-289,TGCGCTCCTGGACGTAGCCTTCGGGCA,289,0.446714084594044,0.6439,0.406959286761426,3
crRNA212:212-238,GCTTCATGTGGTCGGGGTAGCGGCTGA,238,0.444241888698082,0.6424,0.405586344240193,3
crRNA630:630-656,ACCATGTGATCGCGCTTCTCGTTGGGG,656,0.443623143273454,0.641,0.405242721833621,3
crRNA362:362-388,AGTCGATGCCCTTCAGCTCGATGCGGT,388,0.443069988554244,0.6395,0.404935525451625,3
crRNA294:294-320,TTGTAGTTGCCGTCGTCCTTGAAGAAG,320,0.442026007104135,0.6381,0.404355746751008,3
crRNA272:272-298,AGAAGATGGTGCGCTCCTGGACGTAGC,298,0.441819236072835,0.6366,0.404240915745304,3
crRNA364:364-390,GAAGTCGATGCCCTTCAGCTCGATGCG,390,0.441633611046735,0.6352,0.404137828246552,3
crRNA270:270-296,AAGATGGTGCGCTCCTGGACGTAGCCT,296,0.441047666759131,0.6337,0.403812422064608,3
crRNA467:467-493,AGTTCACCTTGATGCCGTTCTTCTGCT,493,0.439995649070907,0.6323,0.403228180411424,3
crRNA647:647-673,TCACGAACTCCAGCAGGACCATGTGAT,673,0.439137592531921,0.6308,0.40275165575174,3
crRNA319:319-345,CTCGAACTTCACCTCGGCGCGGGTCTT,345,0.43906536735679,0.6294,0.402711545251515,3
crRNA184:184-210,GCACTGCACGCCGTAGGTCAGGGTGGT,210,0.438540894207528,0.6279,0.402420277278357,3
crRNA367:367-393,CTTGAAGTCGATGCCCTTCAGCTCGAT,393,0.437852800560749,0.6265,0.402038142097324,3
crRNA071:71-97,CCTCGCCGGACACGCTGAACTTGTGGC,97,0.435843683329805,0.625,0.400922371910581,3
crRNA627:627-653,ATGTGATCGCGCTTCTCGTTGGGGTCT,653,0.43555016966112,0.6235,0.400759368081896,3
crRNA644:644-670,CGAACTCCAGCAGGACCATGTGATCGC,670,0.435285192381287,0.6221,0.400612212035226,3
crRNA181:181-207,CTGCACGCCGTAGGTCAGGGTGGTCAC,207,0.435066150388193,0.6206,0.400490566308548,3
crRNA482:482-508,TGTGGCGGATCTTGAAGTTCACCTTGA,508,0.433957449451033,0.6192,0.399874845417479,3
crRNA503:503-529,GCACGCTGCCGTCCTCGATGTTGTGGC,529,0.433931373631516,0.6177,0.399860364121135,3
crRNA039:39-65,ACGTCGCCGTCCAGCTCGACCAGGATG,65,0.433678853740443,0.6163,0.399720126328298,3
crRNA587:587-613,ACTGGGTGCTCAGGTAGTGGTTGTCGG,613,0.432823027662208,0.6148,0.399244840362688,3
crRNA008:8-34,CCACCCCGGTGAACAGCTCCTCGCCCT,34,0.432154084120582,0.6134,0.39887334025863,3
crRNA643:643-669,GAACTCCAGCAGGACCATGTGATCGCG,669,0.431955612596642,0.6119,0.398763118412976,3
crRNA580:580-606,GCTCAGGTAGTGGTTGTCGGGCAGCAG,606,0.431865713121053,0.6105,0.398713192429006,3
crRNA127:127-153,GCCGGTGGTGCAGATGAACTTCAGGGT,153,0.431825406611279,0.609,0.398690808069724,3
crRNA096:96-122,TTGCCGTAGGTGGCATCGCCCTCGCCC,122,0.430655134876644,0.6076,0.398040893623825,3
crRNA267:267-293,ATGGTGCGCTCCTGGACGTAGCCTTCG,293,0.429608590862566,0.6061,0.397459691794465,3
crRNA058:58-84,GCTGAACTTGTGGCCGTTTACGTCGCC,84,0.428799906207299,0.6047,0.397010585980764,3
crRNA201:201-227,TCGGGGTAGCGGCTGAAGCACTGCACG,227,0.427883029701347,0.6032,0.396501395449465,3
crRNA489:489-515,TCGATGTTGTGGCGGATCTTGAAGTTC,515,0.425068642245881,0.6017,0.394938415664917,3
crRNA321:321-347,CCCTCGAACTTCACCTCGGCGCGGGTC,347,0.422598342090599,0.6003,0.393566525949812,3
crRNA416:416-442,GGCTGTTGTAGTTGTACTCCAGCTTGT,442,0.421958568172655,0.5988,0.393211225296917,3
crRNA328:328-354,GGTGTCGCCCTCGAACTTCACCTCGGC,354,0.421710100412493,0.5974,0.393073237868963,3
crRNA318:318-344,TCGAACTTCACCTCGGCGCGGGTCTTG,344,0.41934656460823,0.5959,0.391760640104591,3
crRNA645:645-671,ACGAACTCCAGCAGGACCATGTGATCG,671,0.419341264008507,0.5945,0.391757696398245,3
crRNA481:481-507,GTGGCGGATCTTGAAGTTCACCTTGAT,507,0.418044094330052,0.593,0.39103730874138,3
crRNA578:578-604,TCAGGTAGTGGTTGTCGGGCAGCAGCA,604,0.417244605645365,0.5916,0.390593309941672,3
crRNA682:682-708,CAGCTCGTCCATGCCGAGAGTGATCCC,708,0.416999647658377,0.5901,0.39045727167836,3
crRNA333:333-359,ACCAGGGTGTCGCCCTCGAACTTCACC,359,0.416890693774665,0.5887,0.390396763763092,3
crRNA134:134-160,GCAGCTTGCCGGTGGTGCAGATGAACT,160,0.416212496951758,0.5872,0.390020124817345,3
crRNA476:476-502,GGATCTTGAAGTTCACCTTGATGCCGT,502,0.415645006318805,0.5858,0.389704966936186,3
crRNA581:581-607,TGCTCAGGTAGTGGTTGTCGGGCAGCA,607,0.415249865647379,0.5843,0.389485524200861,3
crRNA420:420-446,TTGTGGCTGTTGTAGTTGTACTCCAGC,446,0.413821979065657,0.5828,0.388692542460722,3
crRNA182:182-208,ACTGCACGCCGTAGGTCAGGGTGGTCA,208,0.413545950255471,0.5814,0.388539248908537,3
crRNA269:269-295,AGATGGTGCGCTCCTGGACGTAGCCTT,295,0.413454085234237,0.5799,0.388488231352011,3
crRNA007:7-33,CACCCCGGTGAACAGCTCCTCGCCCTT,33,0.412711438015603,0.5785,0.388075799656609,3
crRNA459:459-485,TTGATGCCGTTCTTCTGCTTGTCGGCC,485,0.412539645051185,0.577,0.387980393841041,3
crRNA654:654-680,GCGGCGGTCACGAACTCCAGCAGGACC,680,0.411010322919456,0.5756,0.387131079518198,3
crRNA285:285-311,CCGTCGTCCTTGAAGAAGATGGTGCGC,311,0.406784356768241,0.5741,0.384784174634258,3
crRNA028:28-54,CAGCTCGACCAGGATGGGCACCACCCC,54,0.4067435216669,0.5727,0.384761496719825,3
crRNA618:618-644,CGCTTCTCGTTGGGGTCTTTGCTCAGG,644,0.40631619163308,0.5712,0.384524177511024,3
crRNA395:395-421,GCTTGTGCCCCAGGATGTTGCCGTCCT,421,0.402605860073475,0.5698,0.382463632076751,3
crRNA648:648-674,GTCACGAACTCCAGCAGGACCATGTGA,674,0.402604743308481,0.5683,0.382463011877458,3
crRNA324:324-350,TCGCCCTCGAACTTCACCTCGGCGCGG,350,0.401283878376769,0.5669,0.381729464979935,3
crRNA316:316-342,GAACTTCACCTCGGCGCGGGTCTTGTA,342,0.401158001827438,0.5654,0.381659559003922,3
crRNA311:311-337,TCACCTCGGCGCGGGTCTTGTAGTTGC,337,0.400344683449628,0.564,0.381207879836417,3
crRNA057:57-83,CTGAACTTGTGGCCGTTTACGTCGCCG,83,0.398661468011325,0.5625,0.380273100334754,3
crRNA510:510-536,GCGAGCTGCACGCTGCCGTCCTCGATG,536,0.393587360920147,0.561,0.377455177453261,3
crRNA180:180-206,TGCACGCCGTAGGTCAGGGTGGTCACG,206,0.392866945586235,0.5596,0.377055092311751,3
crRNA056:56-82,TGAACTTGTGGCCGTTTACGTCGCCGT,82,0.392848809548223,0.5581,0.377045020400462,3
crRNA001:1-27,GGTGAACAGCTCCTCGCCCTTGCTCAC,27,0.391308754323414,0.5567,0.376189745417343,3
crRNA173:173-199,CGTAGGTCAGGGTGGTCACGAGGGTGG,199,0.388170505720057,0.5552,0.374446908226817,3
crRNA494:494-520,CGTCCTCGATGTTGTGGCGGATCTTGA,520,0.387115996961677,0.5538,0.373861283149227,3
crRNA124:124-150,GGTGGTGCAGATGAACTTCAGGGTCAG,150,0.385806418972703,0.5523,0.3731340044943,3
crRNA428:428-454,TATAGACGTTGTGGCTGTTGTAGTTGT,454,0.38513772484307,0.5509,0.372762642902052,3
crRNA260:260-286,GCTCCTGGACGTAGCCTTCGGGCATGG,286,0.384567569978066,0.5494,0.37244600543043,3
crRNA002:2-28,CGGTGAACAGCTCCTCGCCCTTGCTCA,28,0.381425737458543,0.548,0.370701177899695,3
crRNA418:418-444,GTGGCTGTTGTAGTTGTACTCCAGCTT,444,0.380235861294553,0.5465,0.370040376066309,3
crRNA330:330-356,AGGGTGTCGCCCTCGAACTTCACCTCG,356,0.377717519614909,0.5451,0.36864180632488,3
crRNA381:381-407,ATGTTGCCGTCCTCCTTGAAGTCGATG,407,0.377449427862341,0.5436,0.368492920645031,3
crRNA652:652-678,GGCGGTCACGAACTCCAGCAGGACCAT,678,0.377088121179313,0.5422,0.368292267731908,3
crRNA131:131-157,GCTTGCCGGTGGTGCAGATGAACTTCA,157,0.376621258996621,0.5407,0.368032994207824,3
crRNA006:6-32,ACCCCGGTGAACAGCTCCTCGCCCTTG,32,0.376573727800869,0.5392,0.368006597594254,3
crRNA348:348-374,AGCTCGATGCGGTTCACCAGGGTGTCG,374,0.37393520883419,0.5378,0.366541286981795,3
crRNA322:322-348,GCCCTCGAACTTCACCTCGGCGCGGGT,348,0.373800397089655,0.5363,0.366466418814294,3
crRNA625:625-651,GTGATCGCGCTTCTCGTTGGGGTCTTT,651,0.372465649673076,0.5349,0.365725162230898,3
crRNA268:268-294,GATGGTGCGCTCCTGGACGTAGCCTTC,294,0.371662788530508,0.5334,0.365279290525069,3
crRNA192:192-218,CGGCTGAAGCACTGCACGCCGTAGGTC,218,0.371021302066241,0.532,0.364923038803664,3
crRNA642:642-668,AACTCCAGCAGGACCATGTGATCGCGC,668,0.370567401298804,0.5305,0.364670963446265,3
crRNA219:219-245,TCGTGCTGCTTCATGTGGTCGGGGTAG,245,0.37044408741716,0.5291,0.364602480656594,3
crRNA121:121-147,GGTGCAGATGAACTTCAGGGTCAGCTT,147,0.368718752095586,0.5276,0.363644309732421,3
crRNA218:218-244,CGTGCTGCTTCATGTGGTCGGGGTAGC,244,0.367578208704911,0.5262,0.363010905024919,3
crRNA626:626-652,TGTGATCGCGCTTCTCGTTGGGGTCTT,652,0.366970659360211,0.5247,0.362673500399966,3
crRNA419:419-445,TGTGGCTGTTGTAGTTGTACTCCAGCT,445,0.366646277540617,0.5233,0.362493353837163,3
crRNA288:288-314,TTGCCGTCGTCCTTGAAGAAGATGGTG,314,0.366601409931651,0.5218,0.362468436455706,3
crRNA003:3-29,CCGGTGAACAGCTCCTCGCCCTTGCTC,29,0.365545760392407,0.5203,0.361882177841527,3
crRNA196:196-222,GTAGCGGCTGAAGCACTGCACGCCGTA,222,0.363848508143688,0.5189,0.360939602948764,3
crRNA363:363-389,AAGTCGATGCCCTTCAGCTCGATGCGG,389,0.362525784504588,0.5174,0.36020502381168,3
crRNA068:68-94,CGCCGGACACGCTGAACTTGTGGCCGT,94,0.362513024200393,0.516,0.360197937332715,3
crRNA303:303-329,GCGCGGGTCTTGTAGTTGCCGTCGTCC,329,0.3622902818182,0.5145,0.360074236582183,3
crRNA289:289-315,GTTGCCGTCGTCCTTGAAGAAGATGGT,315,0.361877927970542,0.5131,0.359845234450042,3
crRNA187:187-213,GAAGCACTGCACGCCGTAGGTCAGGGT,213,0.36186764750207,0.5116,0.359839525156403,3
crRNA223:223-249,GAAGTCGTGCTGCTTCATGTGGTCGGG,249,0.361444929776266,0.5102,0.359604767408774,3
crRNA629:629-655,CCATGTGATCGCGCTTCTCGTTGGGGT,655,0.361323550645294,0.5087,0.359537359089565,3
crRNA004:4-30,CCCGGTGAACAGCTCCTCGCCCTTGCT,30,0.36114043080737,0.5073,0.359435662855712,3
crRNA029:29-55,CCAGCTCGACCAGGATGGGCACCACCC,55,0.360936901789511,0.5058,0.359322632313359,3
crRNA284:284-310,CGTCGTCCTTGAAGAAGATGGTGCGCT,310,0.360562975050764,0.5044,0.359114970808747,3
crRNA005:5-31,CCCCGGTGAACAGCTCCTCGCCCTTGC,31,0.35777571635534,0.5029,0.357567057074696,3
crRNA189:189-215,CTGAAGCACTGCACGCCGTAGGTCAGG,215,0.357606628327085,0.5015,0.35747315345476,3
crRNA178:178-204,CACGCCGTAGGTCAGGGTGGTCACGAG,204,0.35697756268336,0.5,0.357123799678901,3
crRNA234:234-260,GCGGACTTGAAGAAGTCGTGCTGCTTC,260,0.356190682189178,0.4985,0.356686802881295,3
crRNA216:216-242,TGCTGCTTCATGTGGTCGGGGTAGCGG,242,0.355763612548817,0.4971,0.3564496282829,3
crRNA262:262-288,GCGCTCCTGGACGTAGCCTTCGGGCAT,288,0.354772218282196,0.4956,0.355899054056087,3
crRNA474:474-500,ATCTTGAAGTTCACCTTGATGCCGTTC,500,0.353278277565193,0.4942,0.355069388923997,3
crRNA331:331-357,CAGGGTGTCGCCCTCGAACTTCACCTC,357,0.352360241974427,0.4927,0.354559554690947,3
crRNA602:602-628,CTTTGCTCAGGGCGGACTGGGTGCTCA,628,0.352359667193609,0.4913,0.354559235484437,3
crRNA497:497-523,TGCCGTCCTCGATGTTGTGGCGGATCT,523,0.351936254309407,0.4898,0.354324091678192,3
crRNA479:479-505,GGCGGATCTTGAAGTTCACCTTGATGC,505,0.351751867891563,0.4884,0.35422169204481,3
crRNA653:653-679,CGGCGGTCACGAACTCCAGCAGGACCA,679,0.349936179177015,0.4869,0.35321334305208,3
crRNA585:585-611,TGGGTGCTCAGGTAGTGGTTGTCGGGC,611,0.348553335291871,0.4855,0.352445375928907,3
crRNA129:129-155,TTGCCGGTGGTGCAGATGAACTTCAGG,155,0.346718234911115,0.484,0.351426246600368,3
crRNA661:661-687,GATCCCGGCGGCGGTCACGAACTCCAG,687,0.344166645702472,0.4826,0.350009212728988,3
crRNA069:69-95,TCGCCGGACACGCTGAACTTGTGGCCG,95,0.344149603900262,0.4811,0.349999748505327,3
crRNA593:593-619,GGGCGGACTGGGTGCTCAGGTAGTGGT,619,0.34349751273604,0.4797,0.349637607427211,3
crRNA107:107-133,TCAGGGTCAGCTTGCCGTAGGTGGCAT,133,0.341442520205114,0.4782,0.348496360234327,3
crRNA225:225-251,AAGAAGTCGTGCTGCTTCATGTGGTCG,251,0.340427719571219,0.4767,0.347932787200684,3
crRNA582:582-608,GTGCTCAGGTAGTGGTTGTCGGGCAGC,608,0.339281309560999,0.4753,0.347296124445775,3
crRNA537:537-563,ATGGGGGTGTTCTGCTGGTAGTGGTCG,563,0.336591401092282,0.4738,0.345802274496037,3
crRNA109:109-135,CTTCAGGGTCAGCTTGCCGTAGGTGGC,135,0.33281592307679,0.4724,0.343705549752697,3
crRNA066:66-92,CCGGACACGCTGAACTTGTGGCCGTTT,92,0.332274134771741,0.4709,0.343404665748026,3
crRNA287:287-313,TGCCGTCGTCCTTGAAGAAGATGGTGC,313,0.331928750385148,0.4695,0.34321285533717,3
crRNA338:338-364,GGTTCACCAGGGTGTCGCCCTCGAACT,364,0.331922608683949,0.468,0.343209444522216,3
crRNA440:440-466,TGTCGGCCATGATATAGACGTTGTGGC,466,0.330406661066525,0.4666,0.342367557782043,3
crRNA100:100-126,CAGCTTGCCGTAGGTGGCATCGCCCTC,126,0.330355496734924,0.4651,0.342339143493943,3
crRNA231:231-257,GACTTGAAGAAGTCGTGCTGCTTCATG,257,0.327940026130586,0.4637,0.340997703559147,3
crRNA108:108-134,TTCAGGGTCAGCTTGCCGTAGGTGGCA,134,0.327056120174384,0.4622,0.340506823336418,3
crRNA583:583-609,GGTGCTCAGGTAGTGGTTGTCGGGCAG,609,0.326401136520435,0.4608,0.34014307590415,3
crRNA475:475-501,GATCTTGAAGTTCACCTTGATGCCGTT,501,0.326261818012127,0.4593,0.340065704889838,3
crRNA101:101-127,TCAGCTTGCCGTAGGTGGCATCGCCCT,127,0.323019153715104,0.4578,0.338264880083544,3
crRNA502:502-528,CACGCTGCCGTCCTCGATGTTGTGGCG,528,0.321153277496248,0.4564,0.337228659287122,3
crRNA265:265-291,GGTGCGCTCCTGGACGTAGCCTTCGGG,291,0.32042176222713,0.4549,0.336822409758295,3
crRNA224:224-250,AGAAGTCGTGCTGCTTCATGTGGTCGG,250,0.319806668367577,0.4535,0.336480815260987,3
crRNA222:222-248,AAGTCGTGCTGCTTCATGTGGTCGGGG,248,0.319605300125369,0.452,0.336368984712847,3
crRNA256:256-282,CTGGACGTAGCCTTCGGGCATGGCGGA,282,0.318598929396239,0.4506,0.335810093255903,3
crRNA604:604-630,GTCTTTGCTCAGGGCGGACTGGGTGCT,630,0.317125772645207,0.4491,0.334991970571031,3
crRNA438:438-464,TCGGCCATGATATAGACGTTGTGGCTG,464,0.316954715183904,0.4477,0.334896973219657,3
crRNA248:248-274,AGCCTTCGGGCATGGCGGACTTGAAGA,274,0.316188825325515,0.4462,0.334471633644067,3
crRNA365:365-391,TGAAGTCGATGCCCTTCAGCTCGATGC,391,0.31583718231861,0.4448,0.334276347486824,3
crRNA345:345-371,TCGATGCGGTTCACCAGGGTGTCGCCC,371,0.314733835230128,0.4433,0.333663599874093,3
crRNA543:543-569,TCGCCGATGGGGGTGTTCTGCTGGTAG,569,0.313592684279785,0.4419,0.333029857756233,3
crRNA530:530-556,TGTTCTGCTGGTAGTGGTCGGCGAGCT,556,0.313514179438516,0.4404,0.33298625982175,3
crRNA291:291-317,TAGTTGCCGTCGTCCTTGAAGAAGATG,317,0.312762669930473,0.439,0.332568906423345,3
crRNA684:684-710,TACAGCTCGTCCATGCCGAGAGTGATC,710,0.311739568909944,0.4375,0.332000723741344,3
crRNA179:179-205,GCACGCCGTAGGTCAGGGTGGTCACGA,205,0.31131639354967,0.436,0.331765711844832,3
crRNA214:214-240,CTGCTTCATGTGGTCGGGGTAGCGGCT,240,0.311044318315142,0.4346,0.33161461392453,3
crRNA243:243-269,TCGGGCATGGCGGACTTGAAGAAGTCG,269,0.310547712217705,0.4331,0.33133882201476,3
crRNA290:290-316,AGTTGCCGTCGTCCTTGAAGAAGATGG,316,0.310162019190361,0.4317,0.331124626061175,3
crRNA544:544-570,GTCGCCGATGGGGGTGTTCTGCTGGTA,570,0.308589040132825,0.4302,0.330251066713946,3
crRNA528:528-554,TTCTGCTGGTAGTGGTCGGCGAGCTGC,554,0.308419854273116,0.4288,0.330157108762974,3
crRNA496:496-522,GCCGTCCTCGATGTTGTGGCGGATCTT,522,0.30832513421208,0.4273,0.330104505650243,3
crRNA200:200-226,CGGGGTAGCGGCTGAAGCACTGCACGC,226,0.307856045033164,0.4259,0.329843995356121,3
crRNA266:266-292,TGGTGCGCTCCTGGACGTAGCCTTCGG,292,0.306532749368706,0.4244,0.32910909854278,3
crRNA259:259-285,CTCCTGGACGTAGCCTTCGGGCATGGC,285,0.306003728686074,0.423,0.328815305081273,3
crRNA589:589-615,GGACTGGGTGCTCAGGTAGTGGTTGTC,615,0.305848526489181,0.4215,0.328729113005698,3
crRNA215:215-241,GCTGCTTCATGTGGTCGGGGTAGCGGC,241,0.305845572833553,0.4201,0.328727472682853,3
crRNA202:202-228,GTCGGGGTAGCGGCTGAAGCACTGCAC,228,0.303804718356359,0.4186,0.327594077106894,3
crRNA601:601-627,TTTGCTCAGGGCGGACTGGGTGCTCAG,627,0.302129906230943,0.4172,0.326663964414039,3
crRNA538:538-564,GATGGGGGTGTTCTGCTGGTAGTGGTC,564,0.300674011626218,0.4157,0.325855428321683,3
crRNA183:183-209,CACTGCACGCCGTAGGTCAGGGTGGTC,209,0.300273179991532,0.4142,0.325632825090274,3
crRNA613:613-639,CTCGTTGGGGTCTTTGCTCAGGGCGGA,639,0.298625614741954,0.4128,0.324717844043932,3
crRNA211:211-237,CTTCATGTGGTCGGGGTAGCGGCTGAA,237,0.297883868863344,0.4113,0.324305912910822,3
crRNA337:337-363,GTTCACCAGGGTGTCGCCCTCGAACTT,363,0.296776911584163,0.4099,0.323691160366229,3
crRNA332:332-358,CCAGGGTGTCGCCCTCGAACTTCACCT,358,0.296262403862551,0.4084,0.323405426727702,3
crRNA526:526-552,CTGCTGGTAGTGGTCGGCGAGCTGCAC,552,0.294099865061585,0.407,0.32220445334266,2
crRNA655:655-681,GGCGGCGGTCACGAACTCCAGCAGGAC,681,0.292615086052223,0.4055,0.321379876196522,2
crRNA307:307-333,CTCGGCGCGGGTCTTGTAGTTGCCGTC,333,0.291112011303007,0.4041,0.320545138448126,2
crRNA209:209-235,TCATGTGGTCGGGGTAGCGGCTGAAGC,235,0.290667656130846,0.4026,0.320298364270001,2
crRNA246:246-272,CCTTCGGGCATGGCGGACTTGAAGAAG,272,0.288482321881487,0.4012,0.319084731354037,2
crRNA250:250-276,GTAGCCTTCGGGCATGGCGGACTTGAA,276,0.286835760049118,0.3997,0.318170307558904,2
crRNA143:143-169,AGGGCACGGGCAGCTTGCCGGTGGTGC,169,0.283407409709468,0.3983,0.316266361368121,2
crRNA614:614-640,TCTCGTTGGGGTCTTTGCTCAGGGCGG,640,0.282697970936202,0.3968,0.315872372097441,2
crRNA220:220-246,GTCGTGCTGCTTCATGTGGTCGGGGTA,246,0.279099404140765,0.3953,0.313873895610598,2
crRNA067:67-93,GCCGGACACGCTGAACTTGTGGCCGTT,93,0.278455471488152,0.3939,0.313516285390054,2
crRNA174:174-200,CCGTAGGTCAGGGTGGTCACGAGGGTG,200,0.278006163052974,0.3924,0.313266760400221,2
crRNA110:110-136,ACTTCAGGGTCAGCTTGCCGTAGGTGG,136,0.274897524774496,0.391,0.311540367405789,2
crRNA013:13-39,GGGCACCACCCCGGTGAACAGCTCCTC,39,0.274892943309287,0.3895,0.311537823073276,2
crRNA258:258-284,TCCTGGACGTAGCCTTCGGGCATGGCG,284,0.274856834713853,0.3881,0.311517770040208,2
crRNA603:603-629,TCTTTGCTCAGGGCGGACTGGGTGCTC,629,0.273586205306514,0.3866,0.310812121614485,2
crRNA221:221-247,AGTCGTGCTGCTTCATGTGGTCGGGGT,247,0.271545064781926,0.3852,0.309678567181119,2
crRNA193:193-219,GCGGCTGAAGCACTGCACGCCGTAGGT,219,0.271301573789579,0.3837,0.309543343618344,2
crRNA498:498-524,CTGCCGTCCTCGATGTTGTGGCGGATC,524,0.269625952195754,0.3823,0.308612781384415,2
crRNA031:31-57,GTCCAGCTCGACCAGGATGGGCACCAC,57,0.268760540387838,0.3808,0.30813217195075,2
crRNA605:605-631,GGTCTTTGCTCAGGGCGGACTGGGTGC,631,0.268404316727731,0.3794,0.307934341911946,2
crRNA495:495-521,CCGTCCTCGATGTTGTGGCGGATCTTG,521,0.268286985578663,0.3779,0.307869181653456,2
crRNA523:523-549,CTGGTAGTGGTCGGCGAGCTGCACGCT,549,0.266347627197348,0.3765,0.306792152284559,2
crRNA558:558-584,AGCAGCACGGGGCCGTCGCCGATGGGG,584,0.264314074826465,0.375,0.305662811958536,2
crRNA334:334-360,CACCAGGGTGTCGCCCTCGAACTTCAC,360,0.263295313222385,0.3735,0.305097039186433,2
crRNA423:423-449,ACGTTGTGGCTGTTGTAGTTGTACTCC,449,0.263149057783865,0.3721,0.305015815723991,2
crRNA650:650-676,CGGTCACGAACTCCAGCAGGACCATGT,676,0.260684347110694,0.3706,0.303647030147064,2
crRNA651:651-677,GCGGTCACGAACTCCAGCAGGACCATG,677,0.260099276950226,0.3692,0.30332210941464,2
crRNA347:347-373,GCTCGATGCGGTTCACCAGGGTGTCGC,373,0.259356189182473,0.3677,0.302909433058764,2
crRNA683:683-709,ACAGCTCGTCCATGCCGAGAGTGATCC,709,0.258354126023012,0.3663,0.302352933825499,2
crRNA335:335-361,TCACCAGGGTGTCGCCCTCGAACTTCA,361,0.256891886568924,0.3648,0.301540874099156,2
crRNA194:194-220,AGCGGCTGAAGCACTGCACGCCGTAGG,220,0.255160187345489,0.3634,0.300579168960125,2
crRNA435:435-461,GCCATGATATAGACGTTGTGGCTGTTG,461,0.25483695101658,0.3619,0.300399658549525,2
crRNA195:195-221,TAGCGGCTGAAGCACTGCACGCCGTAG,221,0.254682660183292,0.3605,0.300313972602872,2
crRNA257:257-283,CCTGGACGTAGCCTTCGGGCATGGCGG,283,0.250219382373668,0.359,0.297835275870581,2
crRNA615:615-641,TTCTCGTTGGGGTCTTTGCTCAGGGCG,641,0.250172182919212,0.3576,0.297809063490685,2
crRNA241:241-267,GGGCATGGCGGACTTGAAGAAGTCGTG,267,0.249085409417724,0.3561,0.297205520076678,2
crRNA128:128-154,TGCCGGTGGTGCAGATGAACTTCAGGG,154,0.247180815272991,0.3547,0.296147797146523,2
crRNA086:86-112,TGGCATCGCCCTCGCCCTCGCCGGACA,112,0.247148779625155,0.3532,0.296130006038957,2
crRNA323:323-349,CGCCCTCGAACTTCACCTCGGCGCGGG,349,0.245889100120517,0.3517,0.295430438679482,2
crRNA210:210-236,TTCATGTGGTCGGGGTAGCGGCTGAAG,236,0.245508773415622,0.3503,0.295219222931586,2
crRNA439:439-465,GTCGGCCATGATATAGACGTTGTGGCT,465,0.24512267622359,0.3488,0.295004802523748,2
crRNA208:208-234,CATGTGGTCGGGGTAGCGGCTGAAGCA,234,0.244700290858444,0.3474,0.294770229353757,2
crRNA264:264-290,GTGCGCTCCTGGACGTAGCCTTCGGGC,290,0.242755027899331,0.3459,0.293689920857206,2
crRNA329:329-355,GGGTGTCGCCCTCGAACTTCACCTCGG,355,0.241083410520931,0.3445,0.29276158237813,2
crRNA177:177-203,ACGCCGTAGGTCAGGGTGGTCACGAGG,203,0.239564389621893,0.343,0.291917988880407,2
crRNA588:588-614,GACTGGGTGCTCAGGTAGTGGTTGTCG,614,0.236706867407655,0.3416,0.290331054058736,2
crRNA343:343-369,GATGCGGTTCACCAGGGTGTCGCCCTC,369,0.236528656199762,0.3401,0.290232083849508,2
crRNA535:535-561,GGGGGTGTTCTGCTGGTAGTGGTCGGC,561,0.235567528736162,0.3387,0.289698318396189,2
crRNA191:191-217,GGCTGAAGCACTGCACGCCGTAGGTCA,217,0.232988616888381,0.3372,0.288266110802886,2
crRNA361:361-387,GTCGATGCCCTTCAGCTCGATGCGGTT,387,0.232964279687743,0.3358,0.288252595054536,2
crRNA384:384-410,AGGATGTTGCCGTCCTCCTTGAAGTCG,410,0.231199572246389,0.3343,0.287272558687787,2
crRNA088:88-114,GGTGGCATCGCCCTCGCCCTCGCCGGA,114,0.230894032479591,0.3328,0.287102876124019,2
crRNA681:681-707,AGCTCGTCCATGCCGAGAGTGATCCCG,707,0.230370847418628,0.3314,0.286812323495142,2
crRNA534:534-560,GGGGTGTTCTGCTGGTAGTGGTCGGCG,560,0.230030539129735,0.3299,0.286623332112658,2
crRNA527:527-553,TCTGCTGGTAGTGGTCGGCGAGCTGCA,553,0.229747837809874,0.3285,0.286466332959201,2
crRNA293:293-319,TGTAGTTGCCGTCGTCCTTGAAGAAGA,319,0.229727583845817,0.327,0.286455084850375,2
crRNA126:126-152,CCGGTGGTGCAGATGAACTTCAGGGTC,152,0.229452301911257,0.3256,0.286302206078146,2
crRNA532:532-558,GGTGTTCTGCTGGTAGTGGTCGGCGAG,558,0.22579087569861,0.3241,0.284268820397056,2
crRNA539:539-565,CGATGGGGGTGTTCTGCTGGTAGTGGT,565,0.22441905998133,0.3227,0.28350697780496,2
crRNA382:382-408,GATGTTGCCGTCCTCCTTGAAGTCGAT,408,0.224157520896371,0.3212,0.283361731171677,2
crRNA616:616-642,CTTCTCGTTGGGGTCTTTGCTCAGGGC,642,0.219998496378227,0.3198,0.281052002554647,2
crRNA577:577-603,CAGGTAGTGGTTGTCGGGCAGCAGCAC,603,0.218922917206695,0.3183,0.280454675950408,2
crRNA306:306-332,TCGGCGCGGGTCTTGTAGTTGCCGTCG,332,0.218176470446457,0.3169,0.280040134166466,2
crRNA658:658-684,CCCGGCGGCGGTCACGAACTCCAGCAG,684,0.217534162288842,0.3154,0.279683426114825,2
crRNA444:444-470,TGCTTGTCGGCCATGATATAGACGTTG,470,0.21681085302015,0.314,0.279281733816649,2
crRNA253:253-279,GACGTAGCCTTCGGGCATGGCGGACTT,279,0.213264254897335,0.3125,0.277312118311466,2
crRNA237:237-263,ATGGCGGACTTGAAGAAGTCGTGCTGC,263,0.210910570827446,0.311,0.276004991741773,2
crRNA217:217-243,GTGCTGCTTCATGTGGTCGGGGTAGCG,243,0.210345513392744,0.3096,0.275691185145658,2
crRNA617:617-643,GCTTCTCGTTGGGGTCTTTGCTCAGGG,643,0.208571527091467,0.3081,0.274705995732034,2
crRNA586:586-612,CTGGGTGCTCAGGTAGTGGTTGTCGGG,612,0.208453178833022,0.3067,0.274640270618342,2
crRNA102:102-128,GTCAGCTTGCCGTAGGTGGCATCGCCC,128,0.207063144301086,0.3052,0.273868310144662,2
crRNA520:520-546,GTAGTGGTCGGCGAGCTGCACGCTGCC,546,0.206816139563479,0.3038,0.273731135211332,2
crRNA664:664-690,AGTGATCCCGGCGGCGGTCACGAACTC,690,0.203656656886383,0.3023,0.271976505604687,2
crRNA251:251-277,CGTAGCCTTCGGGCATGGCGGACTTGA,277,0.202905552913625,0.3009,0.271559377421701,2
crRNA207:207-233,ATGTGGTCGGGGTAGCGGCTGAAGCAC,233,0.202495304446884,0.2994,0.271331544520118,2
crRNA606:606-632,GGGTCTTTGCTCAGGGCGGACTGGGTG,632,0.201597804821417,0.298,0.270833115006257,2
crRNA685:685-711,GTACAGCTCGTCCATGCCGAGAGTGAT,711,0.201334393512182,0.2965,0.270686828626762,2
crRNA518:518-544,AGTGGTCGGCGAGCTGCACGCTGCCGT,544,0.20046372905789,0.2951,0.270203302117808,2
crRNA609:609-635,TTGGGGTCTTTGCTCAGGGCGGACTGG,635,0.199471489069498,0.2936,0.269652258216492,2
crRNA123:123-149,GTGGTGCAGATGAACTTCAGGGTCAGC,149,0.197550852306715,0.2922,0.268585625963047,2
crRNA286:286-312,GCCGTCGTCCTTGAAGAAGATGGTGCG,312,0.19713314164669,0.2907,0.268353648906675,2
crRNA594:594-620,AGGGCGGACTGGGTGCTCAGGTAGTGG,620,0.195343303896124,0.2892,0.267359656335992,2
crRNA426:426-452,TAGACGTTGTGGCTGTTGTAGTTGTAC,452,0.194851963950584,0.2878,0.267086789001848,2
crRNA610:610-636,GTTGGGGTCTTTGCTCAGGGCGGACTG,636,0.192392446291139,0.2863,0.265720887383012,2
crRNA238:238-264,CATGGCGGACTTGAAGAAGTCGTGCTG,264,0.192311464295779,0.2849,0.265675913752458,2
crRNA098:98-124,GCTTGCCGTAGGTGGCATCGCCCTCGC,124,0.192023407715922,0.2834,0.265515940536883,2
crRNA145:145-171,CCAGGGCACGGGCAGCTTGCCGGTGGT,171,0.191477330557043,0.282,0.265212674702439,2
crRNA531:531-557,GTGTTCTGCTGGTAGTGGTCGGCGAGC,557,0.191248226584632,0.2805,0.265085441020829,2
crRNA545:545-571,CGTCGCCGATGGGGGTGTTCTGCTGGT,571,0.187160364423062,0.2791,0.26281523266407,2
crRNA197:197-223,GGTAGCGGCTGAAGCACTGCACGCCGT,223,0.185028432321048,0.2776,0.2616312568149,2
crRNA525:525-551,TGCTGGTAGTGGTCGGCGAGCTGCACG,551,0.185013301760435,0.2762,0.261622854005855,2
crRNA422:422-448,CGTTGTGGCTGTTGTAGTTGTACTCCA,448,0.182640948160702,0.2747,0.260305359248343,2
crRNA026:26-52,GCTCGACCAGGATGGGCACCACCCCGG,52,0.182050360092948,0.2733,0.259977374127069,2
crRNA560:560-586,GCAGCAGCACGGGGCCGTCGCCGATGG,586,0.181769228872259,0.2718,0.259821246933604,2
crRNA106:106-132,CAGGGTCAGCTTGCCGTAGGTGGCATC,132,0.179155089534466,0.2703,0.25836947563217,2
crRNA576:576-602,AGGTAGTGGTTGTCGGGCAGCAGCACG,602,0.179100295587622,0.2689,0.258339045624721,2
crRNA572:572-598,AGTGGTTGTCGGGCAGCAGCACGGGGC,598,0.179055373916068,0.2674,0.25831409821942,2
crRNA540:540-566,CCGATGGGGGTGTTCTGCTGGTAGTGG,566,0.178022456243452,0.266,0.257740463825809,2
crRNA584:584-610,GGGTGCTCAGGTAGTGGTTGTCGGGCA,610,0.176674126837207,0.2645,0.256991664437587,2
crRNA122:122-148,TGGTGCAGATGAACTTCAGGGTCAGCT,148,0.175580575865448,0.2631,0.256384357132079,2
crRNA015:15-41,ATGGGCACCACCCCGGTGAACAGCTCC,41,0.173065091226398,0.2616,0.254987374058004,2
crRNA292:292-318,GTAGTTGCCGTCGTCCTTGAAGAAGAT,318,0.172398553127568,0.2602,0.254617209824902,2
crRNA254:254-280,GGACGTAGCCTTCGGGCATGGCGGACT,280,0.172203400839579,0.2587,0.254508831328387,2
crRNA135:135-161,GGCAGCTTGCCGGTGGTGCAGATGAAC,161,0.170869833399014,0.2573,0.253768230048742,2
crRNA141:141-167,GGCACGGGCAGCTTGCCGGTGGTGCAG,167,0.170796186544878,0.2558,0.253727330014176,2
crRNA014:14-40,TGGGCACCACCCCGGTGAACAGCTCCT,40,0.169318480171998,0.2544,0.252906680681113,2
crRNA099:99-125,AGCTTGCCGTAGGTGGCATCGCCCTCG,125,0.169151608376869,0.2529,0.25281400785389,2
crRNA536:536-562,TGGGGGTGTTCTGCTGGTAGTGGTCGG,562,0.168598182248544,0.2515,0.252506660743906,2
crRNA657:657-683,CCGGCGGCGGTCACGAACTCCAGCAGG,683,0.168105614688276,0.25,0.252233111649687,2
crRNA573:573-599,TAGTGGTTGTCGGGCAGCAGCACGGGG,599,0.168064340424175,0.2485,0.2522101898447,2
crRNA245:245-271,CTTCGGGCATGGCGGACTTGAAGAAGT,271,0.165737729427579,0.2471,0.250918098399677,2
crRNA500:500-526,CGCTGCCGTCCTCGATGTTGTGGCGGA,526,0.163792344544348,0.2456,0.249837722192147,2
crRNA592:592-618,GGCGGACTGGGTGCTCAGGTAGTGGTT,618,0.162680510707966,0.2442,0.249220261434686,2
crRNA574:574-600,GTAGTGGTTGTCGGGCAGCAGCACGGG,600,0.161429252053156,0.2427,0.248525370623219,2
crRNA533:533-559,GGGTGTTCTGCTGGTAGTGGTCGGCGA,559,0.158989542213494,0.2413,0.247170469345448,2
crRNA486:486-512,ATGTTGTGGCGGATCTTGAAGTTCACC,512,0.155185819331127,0.2398,0.245058058717828,2
crRNA591:591-617,GCGGACTGGGTGCTCAGGTAGTGGTTG,617,0.153923346905765,0.2384,0.244356940300193,2
crRNA547:547-573,GCCGTCGCCGATGGGGGTGTTCTGCTG,573,0.151498475169903,0.2369,0.243010279414565,2
crRNA252:252-278,ACGTAGCCTTCGGGCATGGCGGACTTG,278,0.150005036794308,0.2355,0.24218089325951,2
crRNA130:130-156,CTTGCCGGTGGTGCAGATGAACTTCAG,156,0.148724820243822,0.234,0.24146992058076,2
crRNA344:344-370,CGATGCGGTTCACCAGGGTGTCGCCCT,370,0.148044150903001,0.2326,0.241091908513658,2
crRNA236:236-262,TGGCGGACTTGAAGAAGTCGTGCTGCT,262,0.147678850946573,0.2311,0.240889037922374,2
crRNA524:524-550,GCTGGTAGTGGTCGGCGAGCTGCACGC,550,0.146435316901129,0.2297,0.240198436999374,2
crRNA663:663-689,GTGATCCCGGCGGCGGTCACGAACTCC,689,0.144560467676628,0.2282,0.239157233013305,2
crRNA487:487-513,GATGTTGTGGCGGATCTTGAAGTTCAC,513,0.144521842297619,0.2267,0.239135782275794,2
crRNA546:546-572,CCGTCGCCGATGGGGGTGTTCTGCTGG,572,0.141188306664621,0.2253,0.237284491759512,2
crRNA501:501-527,ACGCTGCCGTCCTCGATGTTGTGGCGG,527,0.140484051242496,0.2238,0.236893381080773,2
crRNA575:575-601,GGTAGTGGTTGTCGGGCAGCAGCACGG,601,0.139664855580329,0.2224,0.236438437943122,2
crRNA611:611-637,CGTTGGGGTCTTTGCTCAGGGCGGACT,637,0.139338295874552,0.2209,0.236257081883712,2
crRNA383:383-409,GGATGTTGCCGTCCTCCTTGAAGTCGA,409,0.138773187354759,0.2195,0.235943246917315,2
crRNA247:247-273,GCCTTCGGGCATGGCGGACTTGAAGAA,273,0.138731539690983,0.218,0.23592011774353,2
crRNA204:204-230,TGGTCGGGGTAGCGGCTGAAGCACTGC,230,0.137334692760723,0.2166,0.235144373980935,2
crRNA242:242-268,CGGGCATGGCGGACTTGAAGAAGTCGT,268,0.136534908735548,0.2151,0.234700211162867,2
crRNA235:235-261,GGCGGACTTGAAGAAGTCGTGCTGCTT,261,0.132768421374503,0.2137,0.232608479410497,2
crRNA255:255-281,TGGACGTAGCCTTCGGGCATGGCGGAC,281,0.132639448609028,0.2122,0.232536853940165,2
crRNA144:144-170,CAGGGCACGGGCAGCTTGCCGGTGGTG,170,0.131886017315849,0.2108,0.232118433271753,2
crRNA679:679-705,CTCGTCCATGCCGAGAGTGATCCCGGC,705,0.12974542711205,0.2093,0.230929649115882,2
crRNA149:149-175,TGGGCCAGGGCACGGGCAGCTTGCCGG,175,0.128634777057412,0.2078,0.230312845775697,2
crRNA484:484-510,GTTGTGGCGGATCTTGAAGTTCACCTT,510,0.128152184931957,0.2064,0.230044836573622,2
crRNA198:198-224,GGGTAGCGGCTGAAGCACTGCACGCCG,224,0.127866768081212,0.2049,0.229886329340719,2
crRNA016:16-42,GATGGGCACCACCCCGGTGAACAGCTC,42,0.127096887346792,0.2035,0.229458773418354,2
crRNA146:146-172,GCCAGGGCACGGGCAGCTTGCCGGTGG,172,0.122834588435534,0.202,0.227091691010756,2
crRNA020:20-46,CCAGGATGGGCACCACCCCGGTGAACA,46,0.119983018442272,0.2006,0.225508061775542,2
crRNA427:427-453,ATAGACGTTGTGGCTGTTGTAGTTGTA,453,0.119890725104024,0.1991,0.225456806351685,2
crRNA485:485-511,TGTTGTGGCGGATCTTGAAGTTCACCT,511,0.117559573464508,0.1977,0.224162193244948,2
crRNA590:590-616,CGGACTGGGTGCTCAGGTAGTGGTTGT,616,0.115614523701789,0.1962,0.223082003147751,2
crRNA150:150-176,GTGGGCCAGGGCACGGGCAGCTTGCCG,176,0.114497925054434,0.1948,0.222461896236075,2
crRNA445:445-471,CTGCTTGTCGGCCATGATATAGACGTT,471,0.11433640937612,0.1933,0.222372197946807,2
crRNA239:239-265,GCATGGCGGACTTGAAGAAGTCGTGCT,265,0.113378093634566,0.1919,0.221839993993028,2
crRNA025:25-51,CTCGACCAGGATGGGCACCACCCCGGT,51,0.113086841634141,0.1904,0.221678246189616,2
crRNA608:608-634,TGGGGTCTTTGCTCAGGGCGGACTGGG,634,0.112991232750793,0.189,0.221625149466346,2
crRNA142:142-168,GGGCACGGGCAGCTTGCCGGTGGTGCA,168,0.112398177015853,0.1875,0.221295793917585,2
crRNA346:346-372,CTCGATGCGGTTCACCAGGGTGTCGCC,372,0.110369906126451,0.186,0.220169386680526,2
crRNA437:437-463,CGGCCATGATATAGACGTTGTGGCTGT,463,0.108467611019419,0.1846,0.219112940528892,2
crRNA105:105-131,AGGGTCAGCTTGCCGTAGGTGGCATCG,131,0.107757357849192,0.1831,0.218718498980049,2
crRNA305:305-331,CGGCGCGGGTCTTGTAGTTGCCGTCGT,331,0.105591600431068,0.1817,0.217515738124862,2
crRNA021:21-47,ACCAGGATGGGCACCACCCCGGTGAAC,47,0.104972660835772,0.1802,0.217172007884939,2
crRNA557:557-583,GCAGCACGGGGCCGTCGCCGATGGGGG,583,0.103362769875532,0.1788,0.216277949385177,2
crRNA522:522-548,TGGTAGTGGTCGGCGAGCTGCACGCTG,548,0.103335973595405,0.1773,0.216263067978547,2
crRNA600:600-626,TTGCTCAGGGCGGACTGGGTGCTCAGG,626,0.10293985854022,0.1759,0.216043084115839,2
crRNA017:17-43,GGATGGGCACCACCCCGGTGAACAGCT,43,0.100781967497132,0.1744,0.214844691879172,2
crRNA443:443-469,GCTTGTCGGCCATGATATAGACGTTGT,469,0.100443438511318,0.173,0.214656688638792,2
crRNA421:421-447,GTTGTGGCTGTTGTAGTTGTACTCCAG,447,0.100054519393198,0.1715,0.214440701064563,2
crRNA541:541-567,GCCGATGGGGGTGTTCTGCTGGTAGTG,567,0.09826584416427,0.1701,0.213447354104284,2
crRNA499:499-525,GCTGCCGTCCTCGATGTTGTGGCGGAT,525,0.097313118205098,0.1686,0.212918254455439,2
crRNA199:199-225,GGGGTAGCGGCTGAAGCACTGCACGCC,225,0.096164951017201,0.1672,0.212280615845844,2
crRNA033:33-59,CCGTCCAGCTCGACCAGGATGGGCACC,59,0.0949585037381453,0.1657,0.211610611186526,2
crRNA032:32-58,CGTCCAGCTCGACCAGGATGGGCACCA,58,0.0924196613616498,0.1642,0.210200656312363,2
crRNA521:521-547,GGTAGTGGTCGGCGAGCTGCACGCTGC,547,0.0909781142772805,0.1628,0.209400088164943,2
crRNA425:425-451,AGACGTTGTGGCTGTTGTAGTTGTACT,451,0.0879881197548701,0.1613,0.207739584389828,2
crRNA656:656-682,CGGCGGCGGTCACGAACTCCAGCAGGA,682,0.0878009167026058,0.1599,0.207635620528801,2
crRNA519:519-545,TAGTGGTCGGCGAGCTGCACGCTGCCG,545,0.0837797680921526,0.1584,0.205402461772853,2
crRNA139:139-165,CACGGGCAGCTTGCCGGTGGTGCAGAT,165,0.0782500508943594,0.157,0.20233151424655,2
crRNA036:36-62,TCGCCGTCCAGCTCGACCAGGATGGGC,62,0.0719467943322198,0.1555,0.19883097896513,2
crRNA548:548-574,GGCCGTCGCCGATGGGGGTGTTCTGCT,574,0.0688544345069071,0.1541,0.197113626265832,2
crRNA304:304-330,GGCGCGGGTCTTGTAGTTGCCGTCGTC,330,0.0666865976443845,0.1526,0.195909710584023,2
crRNA448:448-474,CTTCTGCTTGTCGGCCATGATATAGAC,474,0.0630662677087642,0.1512,0.193899147862184,2
crRNA240:240-266,GGCATGGCGGACTTGAAGAAGTCGTGC,266,0.0626682217242017,0.1497,0.193678091651184,2
crRNA513:513-539,TCGGCGAGCTGCACGCTGCCGTCCTCG,539,0.0611467264993837,0.1483,0.192833124028102,2
crRNA566:566-592,TGTCGGGCAGCAGCACGGGGCCGTCGC,592,0.0605269523664474,0.1468,0.19248893032482,2
crRNA529:529-555,GTTCTGCTGGTAGTGGTCGGCGAGCTG,555,0.060101250678884,0.1453,0.192252515423732,2
crRNA542:542-568,CGCCGATGGGGGTGTTCTGCTGGTAGT,568,0.0558777452460766,0.1439,0.189906977108249,2
crRNA424:424-450,GACGTTGTGGCTGTTGTAGTTGTACTC,450,0.0546971604064938,0.1424,0.189251335243932,2
crRNA035:35-61,CGCCGTCCAGCTCGACCAGGATGGGCA,61,0.0545110765211084,0.141,0.189147992916093,2
crRNA559:559-585,CAGCAGCACGGGGCCGTCGCCGATGGG,585,0.0535639524448037,0.1395,0.188622004292228,2
crRNA038:38-64,CGTCGCCGTCCAGCTCGACCAGGATGG,64,0.0528080765003314,0.1381,0.188202225978286,2
crRNA147:147-173,GGCCAGGGCACGGGCAGCTTGCCGGTG,173,0.0514598808349469,0.1366,0.187453500863512,2
crRNA680:680-706,GCTCGTCCATGCCGAGAGTGATCCCGG,706,0.0502092648651854,0.1352,0.186758966969405,2
crRNA018:18-44,AGGATGGGCACCACCCCGGTGAACAGC,44,0.0489270183535623,0.1337,0.186046866944733,2
crRNA148:148-174,GGGCCAGGGCACGGGCAGCTTGCCGGT,174,0.0460050187436273,0.1323,0.18442412437888,2
crRNA549:549-575,GGGCCGTCGCCGATGGGGGTGTTCTGC,575,0.043557321069791,0.1308,0.183064787029837,2
crRNA564:564-590,TCGGGCAGCAGCACGGGGCCGTCGCCG,590,0.043129300562726,0.1294,0.182827084364337,2
crRNA138:138-164,ACGGGCAGCTTGCCGGTGGTGCAGATG,164,0.0401388753080433,0.1279,0.181166341380568,2
crRNA140:140-166,GCACGGGCAGCTTGCCGGTGGTGCAGA,166,0.0386374187872432,0.1265,0.180332502320906,2
crRNA034:34-60,GCCGTCCAGCTCGACCAGGATGGGCAC,60,0.0368155916439148,0.125,0.179320744330572,2
crRNA517:517-543,GTGGTCGGCGAGCTGCACGCTGCCGTC,543,0.0316720318508163,0.1235,0.176464250651418,2
crRNA203:203-229,GGTCGGGGTAGCGGCTGAAGCACTGCA,229,0.0308745467010582,0.1221,0.176021364521745,2
crRNA206:206-232,TGTGGTCGGGGTAGCGGCTGAAGCACT,232,0.0284188585911322,0.1206,0.174657589656449,2
crRNA563:563-589,CGGGCAGCAGCACGGGGCCGTCGCCGA,589,0.0203403555604426,0.1192,0.17017116512316,2
crRNA037:37-63,GTCGCCGTCCAGCTCGACCAGGATGGG,63,0.0201883304997705,0.1177,0.170086737481148,2
crRNA170:170-196,AGGTCAGGGTGGTCACGAGGGTGGGCC,196,0.020136817415303,0.1163,0.170058129511941,2
crRNA551:551-577,CGGGGCCGTCGCCGATGGGGGTGTTCT,577,0.0201049498524447,0.1148,0.170040431750947,2
crRNA022:22-48,GACCAGGATGGGCACCACCCCGGTGAA,48,0.0200344260779174,0.1134,0.170001266129418,2
crRNA565:565-591,GTCGGGCAGCAGCACGGGGCCGTCGCC,591,0.0197468581643889,0.1119,0.169841564296376,2
crRNA310:310-336,CACCTCGGCGCGGGTCTTGTAGTTGCC,336,0.0188339251562265,0.1105,0.169334563800181,2
crRNA514:514-540,GTCGGCGAGCTGCACGCTGCCGTCCTC,540,0.0145398834363657,0.109,0.166949852914295,2
crRNA447:447-473,TTCTGCTTGTCGGCCATGATATAGACG,473,0.0138146358567954,0.1076,0.166547084168485,2
crRNA023:23-49,CGACCAGGATGGGCACCACCCCGGTGA,49,0.0106494018391463,0.1061,0.164789260535018,2
crRNA103:103-129,GGTCAGCTTGCCGTAGGTGGCATCGCC,129,0.0101941774189594,0.1047,0.164536450082498,2
crRNA024:24-50,TCGACCAGGATGGGCACCACCCCGGTG,50,0.00893687840481111,0.1032,0.16383820473663,2
crRNA607:607-633,GGGGTCTTTGCTCAGGGCGGACTGGGT,633,0.00738563014108844,0.1017,0.162976713660728,2
crRNA136:136-162,GGGCAGCTTGCCGGTGGTGCAGATGAA,162,0.00637472935179399,0.1003,0.16241530641924,2
crRNA019:19-45,CAGGATGGGCACCACCCCGGTGAACAG,45,0.0062336248981554,0.09884,0.162336943574026,2
crRNA175:175-201,GCCGTAGGTCAGGGTGGTCACGAGGGT,201,0.00461191708134059,0.09738,0.16143632254219,2
crRNA171:171-197,TAGGTCAGGGTGGTCACGAGGGTGGGC,197,0.00425514413551688,0.09593,0.161238187455668,1
crRNA172:172-198,GTAGGTCAGGGTGGTCACGAGGGTGGG,198,-0.00310683782392277,0.09448,0.157149685371683,1
crRNA244:244-270,TTCGGGCATGGCGGACTTGAAGAAGTC,270,-0.00340472391122887,0.09302,0.156984253305229,1
crRNA153:153-179,AGGGTGGGCCAGGGCACGGGCAGCTTG,179,-0.00503159889852882,0.09157,0.156080762667436,1
crRNA446:446-472,TCTGCTTGTCGGCCATGATATAGACGT,472,-0.00606839114083863,0.09012,0.155504976518176,1
crRNA562:562-588,GGGCAGCAGCACGGGGCCGTCGCCGAT,588,-0.00795256721468676,0.08866,0.15445859283414,1
crRNA571:571-597,GTGGTTGTCGGGCAGCAGCACGGGGCC,597,-0.0132163774465867,0.08721,0.151535317658869,1
crRNA512:512-538,CGGCGAGCTGCACGCTGCCGTCCTCGA,538,-0.0134608329404297,0.08576,0.15139955845686,1
crRNA570:570-596,TGGTTGTCGGGCAGCAGCACGGGGCCG,596,-0.0159338111057481,0.0843,0.150026181499641,1
crRNA561:561-587,GGCAGCAGCACGGGGCCGTCGCCGATG,587,-0.0178406581862887,0.08285,0.148967207393811,1
crRNA151:151-177,GGTGGGCCAGGGCACGGGCAGCTTGCC,177,-0.0189064309900719,0.0814,0.148375326789739,1
crRNA670:670-696,GCCGAGAGTGATCCCGGCGGCGGTCAC,696,-0.0245870745006727,0.07994,0.145220561814841,1
crRNA552:552-578,ACGGGGCCGTCGCCGATGGGGGTGTTC,578,-0.0250231368990814,0.07849,0.144978393057234,1
crRNA137:137-163,CGGGCAGCTTGCCGGTGGTGCAGATGA,163,-0.0254724112636215,0.07703,0.144728886988648,1
crRNA205:205-231,GTGGTCGGGGTAGCGGCTGAAGCACTG,231,-0.0284390089567358,0.07558,0.143081376723414,1
crRNA152:152-178,GGGTGGGCCAGGGCACGGGCAGCTTGC,178,-0.0309259519426341,0.07413,0.1417002443549,1
crRNA677:677-703,CGTCCATGCCGAGAGTGATCCCGGCGG,703,-0.0315186725424512,0.07267,0.141371074924586,1
crRNA550:550-576,GGGGCCGTCGCCGATGGGGGTGTTCTG,576,-0.0315385793111144,0.07122,0.14136001963192,1
crRNA612:612-638,TCGTTGGGGTCTTTGCTCAGGGCGGAC,638,-0.0331658738766381,0.06977,0.140456295979912,1
crRNA104:104-130,GGGTCAGCTTGCCGTAGGTGGCATCGC,130,-0.0349221525776172,0.06831,0.139480940543214,1
crRNA669:669-695,CCGAGAGTGATCCCGGCGGCGGTCACG,695,-0.0351864299370813,0.06686,0.139334173199736,1
crRNA308:308-334,CCTCGGCGCGGGTCTTGTAGTTGCCGT,334,-0.0391558938423975,0.06541,0.137129717723126,1
crRNA665:665-691,GAGTGATCCCGGCGGCGGTCACGAACT,691,-0.0492895759103984,0.06395,0.13150194241999,1
crRNA511:511-537,GGCGAGCTGCACGCTGCCGTCCTCGAT,537,-0.0526060430741904,0.0625,0.129660130936976,1
crRNA597:597-623,CTCAGGGCGGACTGGGTGCTCAGGTAG,623,-0.0552124186144355,0.06105,0.128212671287299,1
crRNA309:309-335,ACCTCGGCGCGGGTCTTGTAGTTGCCG,335,-0.0605388095707579,0.05959,0.125254641690782,1
crRNA676:676-702,GTCCATGCCGAGAGTGATCCCGGCGGC,702,-0.0606750867900741,0.05814,0.125178959666805,1
crRNA666:666-692,AGAGTGATCCCGGCGGCGGTCACGAAC,692,-0.0663867601798127,0.05669,0.122006962141458,1
crRNA671:671-697,TGCCGAGAGTGATCCCGGCGGCGGTCA,697,-0.0680413925390872,0.05523,0.121088056351361,1
crRNA668:668-694,CGAGAGTGATCCCGGCGGCGGTCACGA,694,-0.0707967433116636,0.05378,0.119557862792363,1
crRNA596:596-622,TCAGGGCGGACTGGGTGCTCAGGTAGT,622,-0.0767713751952337,0.05233,0.116239830360119,1
crRNA553:553-579,CACGGGGCCGTCGCCGATGGGGGTGTT,579,-0.0790430546051997,0.05087,0.114978245361274,1
crRNA678:678-704,TCGTCCATGCCGAGAGTGATCCCGGCG,704,-0.0819496655191218,0.04942,0.113364048960851,1
crRNA556:556-582,CAGCACGGGGCCGTCGCCGATGGGGGT,582,-0.0933310207677315,0.04797,0.107043374051718,1
crRNA554:554-580,GCACGGGGCCGTCGCCGATGGGGGTGT,580,-0.0962126117582704,0.04651,0.105443072552079,1
crRNA176:176-202,CGCCGTAGGTCAGGGTGGTCACGAGGG,202,-0.102335309875637,0.04506,0.102042811025986,1
crRNA595:595-621,CAGGGCGGACTGGGTGCTCAGGTAGTG,621,-0.104349961512515,0.0436,0.100923967287811,1
crRNA169:169-195,GGTCAGGGTGGTCACGAGGGTGGGCCA,195,-0.106906415772556,0.04215,0.0995042315933502,1
crRNA667:667-693,GAGAGTGATCCCGGCGGCGGTCACGAA,693,-0.108188179575286,0.0407,0.0987923996427273,1
crRNA515:515-541,GGTCGGCGAGCTGCACGCTGCCGTCCT,541,-0.108232779605287,0.03924,0.0987676308621723,1
crRNA598:598-624,GCTCAGGGCGGACTGGGTGCTCAGGTA,624,-0.118001288612159,0.03779,0.0933426556785782,1
crRNA555:555-581,AGCACGGGGCCGTCGCCGATGGGGGTG,581,-0.130391442782375,0.03634,0.0864617408074307,1
crRNA436:436-462,GGCCATGATATAGACGTTGTGGCTGTT,462,-0.140796381805346,0.03488,0.0806833220183694,1
crRNA161:161-187,TGGTCACGAGGGTGGGCCAGGGCACGG,187,-0.141821097735818,0.03343,0.0801142424905586,1
crRNA516:516-542,TGGTCGGCGAGCTGCACGCTGCCGTCC,542,-0.151640668210512,0.03198,0.0746609101446202,1
crRNA599:599-625,TGCTCAGGGCGGACTGGGTGCTCAGGT,625,-0.155808626096558,0.03052,0.0723462203509008,1
crRNA154:154-180,GAGGGTGGGCCAGGGCACGGGCAGCTT,180,-0.180686322572325,0.02907,0.0585303057716056,1
crRNA168:168-194,GTCAGGGTGGTCACGAGGGTGGGCCAG,194,-0.211524207681719,0.02762,0.0414043798687581,1
crRNA155:155-181,CGAGGGTGGGCCAGGGCACGGGCAGCT,181,-0.224074914366218,0.02616,0.0344343016048109,1
crRNA157:157-183,CACGAGGGTGGGCCAGGGCACGGGCAG,183,-0.226339406180142,0.02471,0.0331767082622294,1
crRNA568:568-594,GTTGTCGGGCAGCAGCACGGGGCCGTC,594,-0.230906755657175,0.02326,0.0306402149703384,1
crRNA675:675-701,TCCATGCCGAGAGTGATCCCGGCGGCG,701,-0.237975257879928,0.0218,0.0267146978707853,1
crRNA158:158-184,TCACGAGGGTGGGCCAGGGCACGGGCA,184,-0.239651657543047,0.02035,0.0257837035333889,1
crRNA567:567-593,TTGTCGGGCAGCAGCACGGGGCCGTCG,593,-0.255491669241558,0.0189,0.0169868983800327,1
crRNA156:156-182,ACGAGGGTGGGCCAGGGCACGGGCAGC,182,-0.263417597131597,0.01744,0.0125852069775708,1
crRNA167:167-193,TCAGGGTGGTCACGAGGGTGGGCCAGG,193,-0.268440965362162,0.01599,0.00979546209739542,1
crRNA674:674-700,CCATGCCGAGAGTGATCCCGGCGGCGG,700,-0.270056402323205,0.01453,0.00889832360695116,1
crRNA160:160-186,GGTCACGAGGGTGGGCCAGGGCACGGG,186,-0.283743679691153,0.01308,0.00129704689216803,1
crRNA163:163-189,GGTGGTCACGAGGGTGGGCCAGGGCAC,189,-0.28987131472293,0.01163,0,1
crRNA164:164-190,GGGTGGTCACGAGGGTGGGCCAGGGCA,190,-0.299816285186735,0.01017,0,1
crRNA159:159-185,GTCACGAGGGTGGGCCAGGGCACGGGC,185,-0.316506294274865,0.008721,0,1
crRNA165:165-191,AGGGTGGTCACGAGGGTGGGCCAGGGC,191,-0.32124098991845,0.007267,0,1
crRNA166:166-192,CAGGGTGGTCACGAGGGTGGGCCAGGG,192,-0.326007115515247,0.005814,0,1
crRNA673:673-699,CATGCCGAGAGTGATCCCGGCGGCGGT,699,-0.328984331484696,0.00436,0,1
crRNA569:569-595,GGTTGTCGGGCAGCAGCACGGGGCCGT,595,-0.331600956987699,0.002907,0,1
crRNA162:162-188,GTGGTCACGAGGGTGGGCCAGGGCACG,188,-0.352561166529793,0.001453,0,1
crRNA672:672-698,ATGCCGAGAGTGATCCCGGCGGCGGTC,698,-0.425752181742668,0,0,1
